timestamp,symbol,price,volume
2024-01-15 09:50:00.000,AAPL,100.006739,10000
2024-01-15 09:50:01.123,AAPL,99.999545,10000
2024-01-15 09:50:02.246,AAPL,99.997922,10000
2024-01-15 09:50:03.369,AAPL,99.985936,10000
2024-01-15 09:50:04.492,AAPL,99.973790,10000
2024-01-15 09:50:05.615,AAPL,99.978921,10000
2024-01-15 09:50:06.738,AAPL,99.973329,10000
2024-01-15 09:50:07.861,AAPL,99.973620,10000
2024-01-15 09:50:08.984,AAPL,99.963582,10000
2024-01-15 09:50:09.107,AAPL,99.966485,10000
2024-01-15 09:50:10.230,AAPL,99.965116,10000
2024-01-15 09:50:11.353,AAPL,99.979943,10000
2024-01-15 09:50:12.476,AAPL,99.994576,10000
2024-01-15 09:50:13.599,AAPL,99.968083,10000
2024-01-15 09:50:14.722,AAPL,99.953693,10000
2024-01-15 09:50:15.845,AAPL,99.963876,10000
2024-01-15 09:50:16.968,AAPL,99.948732,10000
2024-01-15 09:50:17.091,AAPL,99.943682,10000
2024-01-15 09:50:18.214,AAPL,99.939068,10000
2024-01-15 09:50:19.337,AAPL,99.921065,10000
2024-01-15 09:50:20.460,AAPL,99.936755,10000
2024-01-15 09:50:21.583,AAPL,99.934451,10000
2024-01-15 09:50:22.706,AAPL,99.949983,10000
2024-01-15 09:50:23.829,AAPL,99.938129,10000
2024-01-15 09:50:24.952,AAPL,99.959583,10000
2024-01-15 09:50:25.075,AAPL,99.963026,10000
2024-01-15 09:50:26.198,AAPL,99.972457,10000
2024-01-15 09:50:27.321,AAPL,99.952722,10000
2024-01-15 09:50:28.444,AAPL,99.949125,10000
2024-01-15 09:50:29.567,AAPL,99.948556,10000
2024-01-15 09:50:30.690,AAPL,99.957413,10000
2024-01-15 09:50:31.813,AAPL,99.969575,10000
2024-01-15 09:50:32.936,AAPL,99.972727,10000
2024-01-15 09:50:33.059,AAPL,99.981384,10000
2024-01-15 09:50:34.182,AAPL,99.971323,10000
2024-01-15 09:50:35.305,AAPL,99.968111,10000
2024-01-15 09:50:36.428,AAPL,99.976450,10000
2024-01-15 09:50:37.551,AAPL,99.955876,10000
2024-01-15 09:50:38.674,AAPL,99.966125,10000
2024-01-15 09:50:39.797,AAPL,99.953921,10000
2024-01-15 09:50:40.920,AAPL,99.958272,10000
2024-01-15 09:50:41.043,AAPL,99.950236,10000
2024-01-15 09:50:42.166,AAPL,99.962798,10000
2024-01-15 09:50:43.289,AAPL,99.962016,10000
2024-01-15 09:50:44.412,AAPL,99.948580,10000
2024-01-15 09:50:45.535,AAPL,99.952469,10000
2024-01-15 09:50:46.658,AAPL,99.960416,10000
2024-01-15 09:50:47.781,AAPL,99.962191,10000
2024-01-15 09:50:48.904,AAPL,99.973858,10000
2024-01-15 09:50:49.027,AAPL,99.954685,10000
2024-01-15 09:50:50.150,AAPL,99.936407,10000
2024-01-15 09:50:51.273,AAPL,99.930988,10000
2024-01-15 09:50:52.396,AAPL,99.919731,10000
2024-01-15 09:50:53.519,AAPL,99.915451,10000
2024-01-15 09:50:54.642,AAPL,99.902140,10000
2024-01-15 09:50:55.765,AAPL,99.884516,10000
2024-01-15 09:50:56.888,AAPL,99.882513,10000
2024-01-15 09:50:57.011,AAPL,99.907918,10000
2024-01-15 09:50:58.134,AAPL,99.900475,10000
2024-01-15 09:50:59.257,AAPL,99.894165,10000
2024-01-15 09:51:00.380,AAPL,99.893807,10000
2024-01-15 09:51:01.503,AAPL,99.893605,10000
2024-01-15 09:51:02.626,AAPL,99.899579,10000
2024-01-15 09:51:03.749,AAPL,99.889675,10000
2024-01-15 09:51:04.872,AAPL,99.894180,10000
2024-01-15 09:51:05.995,AAPL,99.893339,10000
2024-01-15 09:51:06.118,AAPL,99.907260,10000
2024-01-15 09:51:07.241,AAPL,99.925986,10000
2024-01-15 09:51:08.364,AAPL,99.942081,10000
2024-01-15 09:51:09.487,AAPL,99.970292,10000
2024-01-15 09:51:10.610,AAPL,99.962201,10000
2024-01-15 09:51:11.733,AAPL,99.971714,10000
2024-01-15 09:51:12.856,AAPL,99.966624,10000
2024-01-15 09:51:13.979,AAPL,99.982545,10000
2024-01-15 09:51:14.102,AAPL,99.983603,10000
2024-01-15 09:51:15.225,AAPL,100.008886,10000
2024-01-15 09:51:16.348,AAPL,99.996446,10000
2024-01-15 09:51:17.471,AAPL,100.005835,10000
2024-01-15 09:51:18.594,AAPL,99.973549,10000
2024-01-15 09:51:19.717,AAPL,99.979143,10000
2024-01-15 09:51:20.840,AAPL,99.987996,10000
2024-01-15 09:51:21.963,AAPL,99.977047,10000
2024-01-15 09:51:22.086,AAPL,99.970218,10000
2024-01-15 09:51:23.209,AAPL,99.962041,10000
2024-01-15 09:51:24.332,AAPL,99.968597,10000
2024-01-15 09:51:25.455,AAPL,99.969418,10000
2024-01-15 09:51:26.578,AAPL,99.955501,10000
2024-01-15 09:51:27.701,AAPL,99.968110,10000
2024-01-15 09:51:28.824,AAPL,99.965147,10000
2024-01-15 09:51:29.947,AAPL,99.977181,10000
2024-01-15 09:51:30.070,AAPL,99.991596,10000
2024-01-15 09:51:31.193,AAPL,100.000133,10000
2024-01-15 09:51:32.316,AAPL,99.985832,10000
2024-01-15 09:51:33.439,AAPL,99.972951,10000
2024-01-15 09:51:34.562,AAPL,99.967941,10000
2024-01-15 09:51:35.685,AAPL,99.967877,10000
2024-01-15 09:51:36.808,AAPL,99.980405,10000
2024-01-15 09:51:37.931,AAPL,99.991742,10000
2024-01-15 09:51:38.054,AAPL,99.993663,10000
2024-01-15 09:51:39.177,AAPL,100.023388,10000
2024-01-15 09:51:40.300,AAPL,100.028794,10000
2024-01-15 09:51:41.423,AAPL,100.028645,10000
2024-01-15 09:51:42.546,AAPL,100.011075,10000
2024-01-15 09:51:43.669,AAPL,100.028080,10000
2024-01-15 09:51:44.792,AAPL,100.007539,10000
2024-01-15 09:51:45.915,AAPL,100.007477,10000
2024-01-15 09:51:46.038,AAPL,100.004298,10000
2024-01-15 09:51:47.161,AAPL,99.980985,10000
2024-01-15 09:51:48.284,AAPL,99.985450,10000
2024-01-15 09:51:49.407,AAPL,99.983782,10000
2024-01-15 09:51:50.530,AAPL,99.975980,10000
2024-01-15 09:51:51.653,AAPL,99.963569,10000
2024-01-15 09:51:52.776,AAPL,99.942376,10000
2024-01-15 09:51:53.899,AAPL,99.924850,10000
2024-01-15 09:51:54.022,AAPL,99.943006,10000
2024-01-15 09:51:55.145,AAPL,99.928010,10000
2024-01-15 09:51:56.268,AAPL,99.922140,10000
2024-01-15 09:51:57.391,AAPL,99.933675,10000
2024-01-15 09:51:58.514,AAPL,99.939786,10000
2024-01-15 09:51:59.637,AAPL,99.916244,10000
2024-01-15 09:52:00.760,AAPL,99.918796,5298
2024-01-15 09:52:01.883,AAPL,99.909221,10000
2024-01-15 09:52:02.006,AAPL,99.907553,10000
2024-01-15 09:52:03.129,AAPL,99.900291,10000
2024-01-15 09:52:04.252,AAPL,99.926422,10000
2024-01-15 09:52:05.375,AAPL,99.906036,10000
2024-01-15 09:52:06.498,AAPL,99.907876,10000
2024-01-15 09:52:07.621,AAPL,99.909833,10000
2024-01-15 09:52:08.744,AAPL,99.885275,10000
2024-01-15 09:52:09.867,AAPL,99.889903,10000
2024-01-15 09:52:10.990,AAPL,99.887928,10000
2024-01-15 09:52:11.113,AAPL,99.903737,10000
2024-01-15 09:52:12.236,AAPL,99.909253,10000
2024-01-15 09:52:13.359,AAPL,99.899254,10000
2024-01-15 09:52:14.482,AAPL,99.873258,10000
2024-01-15 09:52:15.605,AAPL,99.856181,10000
2024-01-15 09:52:16.728,AAPL,99.847337,10000
2024-01-15 09:52:17.851,AAPL,99.870594,10000
2024-01-15 09:52:18.974,AAPL,99.866113,10000
2024-01-15 09:52:19.097,AAPL,99.845892,10000
2024-01-15 09:52:20.220,AAPL,99.853437,10000
2024-01-15 09:52:21.343,AAPL,99.855837,10000
2024-01-15 09:52:22.466,AAPL,99.849793,10000
2024-01-15 09:52:23.589,AAPL,99.871407,10000
2024-01-15 09:52:24.712,AAPL,99.867968,10000
2024-01-15 09:52:25.835,AAPL,99.859090,10000
2024-01-15 09:52:26.958,AAPL,99.873410,10000
2024-01-15 09:52:27.081,AAPL,99.866239,10000
2024-01-15 09:52:28.204,AAPL,99.873089,10000
2024-01-15 09:52:29.327,AAPL,99.868853,10000
2024-01-15 09:52:30.450,AAPL,99.869952,10000
2024-01-15 09:52:31.573,AAPL,99.911575,10000
2024-01-15 09:52:32.696,AAPL,99.923675,10000
2024-01-15 09:52:33.819,AAPL,99.928170,10000
2024-01-15 09:52:34.942,AAPL,99.930839,10000
2024-01-15 09:52:35.065,AAPL,99.917325,10000
2024-01-15 09:52:36.188,AAPL,99.923163,10000
2024-01-15 09:52:37.311,AAPL,99.938019,10000
2024-01-15 09:52:38.434,AAPL,99.928881,10000
2024-01-15 09:52:39.557,AAPL,99.917344,10000
2024-01-15 09:52:40.680,AAPL,99.931936,10000
2024-01-15 09:52:41.803,AAPL,99.911768,10000
2024-01-15 09:52:42.926,AAPL,99.928515,10000
2024-01-15 09:52:43.049,AAPL,99.913819,10000
2024-01-15 09:52:44.172,AAPL,99.931148,10000
2024-01-15 09:52:45.295,AAPL,99.917522,10000
2024-01-15 09:52:46.418,AAPL,99.916494,10000
2024-01-15 09:52:47.541,AAPL,99.922355,10000
2024-01-15 09:52:48.664,AAPL,99.944410,10000
2024-01-15 09:52:49.787,AAPL,99.968854,10000
2024-01-15 09:52:50.910,AAPL,99.948892,10000
2024-01-15 09:52:51.033,AAPL,99.955323,10000
2024-01-15 09:52:52.156,AAPL,99.940803,10000
2024-01-15 09:52:53.279,AAPL,99.950792,10000
2024-01-15 09:52:54.402,AAPL,99.921339,10000
2024-01-15 09:52:55.525,AAPL,99.929607,10000
2024-01-15 09:52:56.648,AAPL,99.925710,10000
2024-01-15 09:52:57.771,AAPL,99.918007,10000
2024-01-15 09:52:58.894,AAPL,99.930863,10000
2024-01-15 09:52:59.017,AAPL,99.925489,10000
2024-01-15 09:53:00.140,AAPL,99.881548,10000
2024-01-15 09:53:01.263,AAPL,99.864020,10000
2024-01-15 09:53:02.386,AAPL,99.892007,10000
2024-01-15 09:53:03.509,AAPL,99.906682,10000
2024-01-15 09:53:04.632,AAPL,99.909939,10000
2024-01-15 09:53:05.755,AAPL,99.905464,10000
2024-01-15 09:53:06.878,AAPL,99.927349,10000
2024-01-15 09:53:07.001,AAPL,99.931589,10000
2024-01-15 09:53:08.124,AAPL,99.938070,10000
2024-01-15 09:53:09.247,AAPL,99.949687,10000
2024-01-15 09:53:10.370,AAPL,99.944676,10000
2024-01-15 09:53:11.493,AAPL,99.925868,10000
2024-01-15 09:53:12.616,AAPL,99.910503,10000
2024-01-15 09:53:13.739,AAPL,99.911082,10000
2024-01-15 09:53:14.862,AAPL,99.908637,10000
2024-01-15 09:53:15.985,AAPL,99.912423,10000
2024-01-15 09:53:16.108,AAPL,99.936734,10000
2024-01-15 09:53:17.231,AAPL,99.934593,10000
2024-01-15 09:53:18.354,AAPL,99.919281,10000
2024-01-15 09:53:19.477,AAPL,99.908939,10000
2024-01-15 09:53:20.600,AAPL,99.883928,10000
2024-01-15 09:53:21.723,AAPL,99.902784,10000
2024-01-15 09:53:22.846,AAPL,99.912361,10000
2024-01-15 09:53:23.969,AAPL,99.919607,10000
2024-01-15 09:53:24.092,AAPL,99.887486,10000
2024-01-15 09:53:25.215,AAPL,99.880313,10000
2024-01-15 09:53:26.338,AAPL,99.876574,10000
2024-01-15 09:53:27.461,AAPL,99.894319,10000
2024-01-15 09:53:28.584,AAPL,99.892963,10000
2024-01-15 09:53:29.707,AAPL,99.889471,10000
2024-01-15 09:53:30.830,AAPL,99.875545,10000
2024-01-15 09:53:31.953,AAPL,99.886562,10000
2024-01-15 09:53:32.076,AAPL,99.873932,10000
2024-01-15 09:53:33.199,AAPL,99.864768,10000
2024-01-15 09:53:34.322,AAPL,99.855607,10000
2024-01-15 09:53:35.445,AAPL,99.874366,10000
2024-01-15 09:53:36.568,AAPL,99.866524,10000
2024-01-15 09:53:37.691,AAPL,99.864653,10000
2024-01-15 09:53:38.814,AAPL,99.851064,10000
2024-01-15 09:53:39.937,AAPL,99.857105,10000
2024-01-15 09:53:40.060,AAPL,99.839640,10000
2024-01-15 09:53:41.183,AAPL,99.829221,10000
2024-01-15 09:53:42.306,AAPL,99.809741,10000
2024-01-15 09:53:43.429,AAPL,99.832290,10000
2024-01-15 09:53:44.552,AAPL,99.809708,10000
2024-01-15 09:53:45.675,AAPL,99.831694,10000
2024-01-15 09:53:46.798,AAPL,99.845233,10000
2024-01-15 09:53:47.921,AAPL,99.847087,10000
2024-01-15 09:53:48.044,AAPL,99.867024,10000
2024-01-15 09:53:49.167,AAPL,99.865615,10000
2024-01-15 09:53:50.290,AAPL,99.884368,10000
2024-01-15 09:53:51.413,AAPL,99.876327,10000
2024-01-15 09:53:52.536,AAPL,99.870002,10000
2024-01-15 09:53:53.659,AAPL,99.872857,10000
2024-01-15 09:53:54.782,AAPL,99.883403,10000
2024-01-15 09:53:55.905,AAPL,99.885576,10000
2024-01-15 09:53:56.028,AAPL,99.877255,10000
2024-01-15 09:53:57.151,AAPL,99.859618,10000
2024-01-15 09:53:58.274,AAPL,99.850858,10000
2024-01-15 09:53:59.397,AAPL,99.839473,10000
2024-01-15 09:54:00.520,AAPL,99.833912,10000
2024-01-15 09:54:01.643,AAPL,99.833891,10000
2024-01-15 09:54:02.766,AAPL,99.826460,10000
2024-01-15 09:54:03.889,AAPL,99.838691,10000
2024-01-15 09:54:04.012,AAPL,99.856211,10000
2024-01-15 09:54:05.135,AAPL,99.861612,10000
2024-01-15 09:54:06.258,AAPL,99.877449,10000
2024-01-15 09:54:07.381,AAPL,99.885202,10000
2024-01-15 09:54:08.504,AAPL,99.885850,10000
2024-01-15 09:54:09.627,AAPL,99.888502,10000
2024-01-15 09:54:10.750,AAPL,99.890023,10000
2024-01-15 09:54:11.873,AAPL,99.878680,10000
2024-01-15 09:54:12.996,AAPL,99.877327,10000
2024-01-15 09:54:13.119,AAPL,99.888637,10000
2024-01-15 09:54:14.242,AAPL,99.897071,10000
2024-01-15 09:54:15.365,AAPL,99.909723,10000
2024-01-15 09:54:16.488,AAPL,99.903435,10000
2024-01-15 09:54:17.611,AAPL,99.905108,10000
2024-01-15 09:54:18.734,AAPL,99.917055,10000
2024-01-15 09:54:19.857,AAPL,99.893291,10000
2024-01-15 09:54:20.980,AAPL,99.912882,10000
2024-01-15 09:54:21.103,AAPL,99.889840,10000
2024-01-15 09:54:22.226,AAPL,99.911702,10000
2024-01-15 09:54:23.349,AAPL,99.901873,10000
2024-01-15 09:54:24.472,AAPL,99.906484,10000
2024-01-15 09:54:25.595,AAPL,99.907477,10000
2024-01-15 09:54:26.718,AAPL,99.890476,10000
2024-01-15 09:54:27.841,AAPL,99.873757,10000
2024-01-15 09:54:28.964,AAPL,99.880455,10000
2024-01-15 09:54:29.087,AAPL,99.852437,10000
2024-01-15 09:54:30.210,AAPL,99.837290,10000
2024-01-15 09:54:31.333,AAPL,99.821386,10000
2024-01-15 09:54:32.456,AAPL,99.847145,10000
2024-01-15 09:54:33.579,AAPL,99.848744,10000
2024-01-15 09:54:34.702,AAPL,99.838624,10000
2024-01-15 09:54:35.825,AAPL,99.840994,10000
2024-01-15 09:54:36.948,AAPL,99.841732,10000
2024-01-15 09:54:37.071,AAPL,99.841273,10000
2024-01-15 09:54:38.194,AAPL,99.842936,10000
2024-01-15 09:54:39.317,AAPL,99.839635,10000
2024-01-15 09:54:40.440,AAPL,99.845783,10000
2024-01-15 09:54:41.563,AAPL,99.857100,10000
2024-01-15 09:54:42.686,AAPL,99.868875,10000
2024-01-15 09:54:43.809,AAPL,99.864198,10000
2024-01-15 09:54:44.932,AAPL,99.871721,10000
2024-01-15 09:54:45.055,AAPL,99.861653,10000
2024-01-15 09:54:46.178,AAPL,99.850230,10000
2024-01-15 09:54:47.301,AAPL,99.851212,10000
2024-01-15 09:54:48.424,AAPL,99.846107,10000
2024-01-15 09:54:49.547,AAPL,99.817696,10000
2024-01-15 09:54:50.670,AAPL,99.824948,10000
2024-01-15 09:54:51.793,AAPL,99.845347,10000
2024-01-15 09:54:52.916,AAPL,99.859283,10000
2024-01-15 09:54:53.039,AAPL,99.833076,10000
2024-01-15 09:54:54.162,AAPL,99.840847,10000
2024-01-15 09:54:55.285,AAPL,99.822376,10000
2024-01-15 09:54:56.408,AAPL,99.805948,10000
2024-01-15 09:54:57.531,AAPL,99.797896,10000
2024-01-15 09:54:58.654,AAPL,99.809742,10000
2024-01-15 09:54:59.777,AAPL,99.812012,5414
2024-01-15 09:55:00.900,AAPL,99.817903,10000
2024-01-15 09:55:01.023,AAPL,99.817789,10000
2024-01-15 09:55:02.146,AAPL,99.841062,10000
2024-01-15 09:55:03.269,AAPL,99.844795,10000
2024-01-15 09:55:04.392,AAPL,99.853132,10000
2024-01-15 09:55:05.515,AAPL,99.841257,10000
2024-01-15 09:55:06.638,AAPL,99.851233,10000
2024-01-15 09:55:07.761,AAPL,99.864125,10000
2024-01-15 09:55:08.884,AAPL,99.870351,10000
2024-01-15 09:55:09.007,AAPL,99.867766,10000
2024-01-15 09:55:10.130,AAPL,99.842374,10000
2024-01-15 09:55:11.253,AAPL,99.869361,10000
2024-01-15 09:55:12.376,AAPL,99.872768,10000
2024-01-15 09:55:13.499,AAPL,99.865161,2814
2024-01-15 09:55:14.622,AAPL,99.851794,10000
2024-01-15 09:55:15.745,AAPL,99.850858,10000
2024-01-15 09:55:16.868,AAPL,99.870508,10000
2024-01-15 09:55:17.991,AAPL,99.863199,10000
2024-01-15 09:55:18.114,AAPL,99.846987,10000
2024-01-15 09:55:19.237,AAPL,99.840350,10000
2024-01-15 09:55:20.360,AAPL,99.849440,10000
2024-01-15 09:55:21.483,AAPL,99.856384,10000
2024-01-15 09:55:22.606,AAPL,99.847497,10000
2024-01-15 09:55:23.729,AAPL,99.840008,10000
2024-01-15 09:55:24.852,AAPL,99.817724,10000
2024-01-15 09:55:25.975,AAPL,99.828429,10000
2024-01-15 09:55:26.098,AAPL,99.832287,10000
2024-01-15 09:55:27.221,AAPL,99.839499,10000
2024-01-15 09:55:28.344,AAPL,99.818883,10000
2024-01-15 09:55:29.467,AAPL,99.844963,10000
2024-01-15 09:55:30.590,AAPL,99.845679,10000
2024-01-15 09:55:31.713,AAPL,99.835927,10000
2024-01-15 09:55:32.836,AAPL,99.825945,10000
2024-01-15 09:55:33.959,AAPL,99.801576,10000
2024-01-15 09:55:34.082,AAPL,99.801154,10000
2024-01-15 09:55:35.205,AAPL,99.823415,10000
2024-01-15 09:55:36.328,AAPL,99.836596,10000
2024-01-15 09:55:37.451,AAPL,99.847406,10000
2024-01-15 09:55:38.574,AAPL,99.835539,10000
2024-01-15 09:55:39.697,AAPL,99.844137,10000
2024-01-15 09:55:40.820,AAPL,99.831771,10000
2024-01-15 09:55:41.943,AAPL,99.832907,10000
2024-01-15 09:55:42.066,AAPL,99.865618,10000
2024-01-15 09:55:43.189,AAPL,99.866338,10000
2024-01-15 09:55:44.312,AAPL,99.860155,10000
2024-01-15 09:55:45.435,AAPL,99.878621,10000
2024-01-15 09:55:46.558,AAPL,99.885373,10000
2024-01-15 09:55:47.681,AAPL,99.907657,10000
2024-01-15 09:55:48.804,AAPL,99.911921,10000
2024-01-15 09:55:49.927,AAPL,99.910458,10000
2024-01-15 09:55:50.050,AAPL,99.890851,10000
2024-01-15 09:55:51.173,AAPL,99.901478,10000
2024-01-15 09:55:52.296,AAPL,99.895733,10000
2024-01-15 09:55:53.419,AAPL,99.892222,10000
2024-01-15 09:55:54.542,AAPL,99.901005,10000
2024-01-15 09:55:55.665,AAPL,99.916744,10000
2024-01-15 09:55:56.788,AAPL,99.910601,10000
2024-01-15 09:55:57.911,AAPL,99.906300,10000
2024-01-15 09:55:58.034,AAPL,99.918734,10000
2024-01-15 09:55:59.157,AAPL,99.912550,10000
2024-01-15 09:56:00.280,AAPL,99.931042,10000
2024-01-15 09:56:01.403,AAPL,99.910356,10000
2024-01-15 09:56:02.526,AAPL,99.927585,10000
2024-01-15 09:56:03.649,AAPL,99.933796,10000
2024-01-15 09:56:04.772,AAPL,99.897419,10000
2024-01-15 09:56:05.895,AAPL,99.877101,10000
2024-01-15 09:56:06.018,AAPL,99.857127,10000
2024-01-15 09:56:07.141,AAPL,99.863285,10000
2024-01-15 09:56:08.264,AAPL,99.854170,10000
2024-01-15 09:56:09.387,AAPL,99.867733,10000
2024-01-15 09:56:10.510,AAPL,99.848349,10000
2024-01-15 09:56:11.633,AAPL,99.849372,10000
2024-01-15 09:56:12.756,AAPL,99.851669,10000
2024-01-15 09:56:13.879,AAPL,99.866127,10000
2024-01-15 09:56:14.002,AAPL,99.851531,10000
2024-01-15 09:56:15.125,AAPL,99.837690,10000
2024-01-15 09:56:16.248,AAPL,99.852427,10000
2024-01-15 09:56:17.371,AAPL,99.845023,10000
2024-01-15 09:56:18.494,AAPL,99.839872,10000
2024-01-15 09:56:19.617,AAPL,99.854050,10000
2024-01-15 09:56:20.740,AAPL,99.877788,10000
2024-01-15 09:56:21.863,AAPL,99.880854,10000
2024-01-15 09:56:22.986,AAPL,99.880620,10000
2024-01-15 09:56:23.109,AAPL,99.901408,10000
2024-01-15 09:56:24.232,AAPL,99.899006,10000
2024-01-15 09:56:25.355,AAPL,99.900439,10000
2024-01-15 09:56:26.478,AAPL,99.902072,10000
2024-01-15 09:56:27.601,AAPL,99.920556,10000
2024-01-15 09:56:28.724,AAPL,99.933938,10000
2024-01-15 09:56:29.847,AAPL,99.930583,10000
2024-01-15 09:56:30.970,AAPL,99.912151,10000
2024-01-15 09:56:31.093,AAPL,99.912485,10000
2024-01-15 09:56:32.216,AAPL,99.914739,10000
2024-01-15 09:56:33.339,AAPL,99.927317,10000
2024-01-15 09:56:34.462,AAPL,99.932809,10000
2024-01-15 09:56:35.585,AAPL,99.949140,10000
2024-01-15 09:56:36.708,AAPL,99.935321,10000
2024-01-15 09:56:37.831,AAPL,99.931717,10000
2024-01-15 09:56:38.954,AAPL,99.941777,10000
2024-01-15 09:56:39.077,AAPL,99.959591,10000
2024-01-15 09:56:40.200,AAPL,99.970962,10000
2024-01-15 09:56:41.323,AAPL,99.975279,10000
2024-01-15 09:56:42.446,AAPL,99.990171,10000
2024-01-15 09:56:43.569,AAPL,99.970580,10000
2024-01-15 09:56:44.692,AAPL,99.961823,10000
2024-01-15 09:56:45.815,AAPL,99.977314,10000
2024-01-15 09:56:46.938,AAPL,99.980680,10000
2024-01-15 09:56:47.061,AAPL,99.976039,10000
2024-01-15 09:56:48.184,AAPL,99.974452,10000
2024-01-15 09:56:49.307,AAPL,99.957012,10000
2024-01-15 09:56:50.430,AAPL,99.970829,10000
2024-01-15 09:56:51.553,AAPL,99.982197,10000
2024-01-15 09:56:52.676,AAPL,100.006436,10000
2024-01-15 09:56:53.799,AAPL,99.993352,10000
2024-01-15 09:56:54.922,AAPL,100.008406,10000
2024-01-15 09:56:55.045,AAPL,100.022830,10000
2024-01-15 09:56:56.168,AAPL,100.040606,10000
2024-01-15 09:56:57.291,AAPL,100.040498,10000
2024-01-15 09:56:58.414,AAPL,100.040225,10000
2024-01-15 09:56:59.537,AAPL,100.063915,10000
2024-01-15 09:57:00.660,AAPL,100.052015,10000
2024-01-15 09:57:01.783,AAPL,100.040258,10000
2024-01-15 09:57:02.906,AAPL,100.070319,10000
2024-01-15 09:57:03.029,AAPL,100.069026,10000
2024-01-15 09:57:04.152,AAPL,100.062543,10000
2024-01-15 09:57:05.275,AAPL,100.080911,10000
2024-01-15 09:57:06.398,AAPL,100.077999,10000
2024-01-15 09:57:07.521,AAPL,100.079926,10000
2024-01-15 09:57:08.644,AAPL,100.078295,10000
2024-01-15 09:57:09.767,AAPL,100.089083,10000
2024-01-15 09:57:10.890,AAPL,100.096348,10000
2024-01-15 09:57:11.013,AAPL,100.094677,10000
2024-01-15 09:57:12.136,AAPL,100.093055,10000
2024-01-15 09:57:13.259,AAPL,100.070094,10000
2024-01-15 09:57:14.382,AAPL,100.073138,10000
2024-01-15 09:57:15.505,AAPL,100.076226,10000
2024-01-15 09:57:16.628,AAPL,100.106304,10000
2024-01-15 09:57:17.751,AAPL,100.100021,10000
2024-01-15 09:57:18.874,AAPL,100.090804,10000
2024-01-15 09:57:19.997,AAPL,100.112464,10000
2024-01-15 09:57:20.120,AAPL,100.104683,10000
2024-01-15 09:57:21.243,AAPL,100.117585,10000
2024-01-15 09:57:22.366,AAPL,100.143059,10000
2024-01-15 09:57:23.489,AAPL,100.145907,10000
2024-01-15 09:57:24.612,AAPL,100.162749,10000
2024-01-15 09:57:25.735,AAPL,100.171806,10000
2024-01-15 09:57:26.858,AAPL,100.171955,10000
2024-01-15 09:57:27.981,AAPL,100.172475,10000
2024-01-15 09:57:28.104,AAPL,100.174074,10000
2024-01-15 09:57:29.227,AAPL,100.170363,10000
2024-01-15 09:57:30.350,AAPL,100.204499,10000
2024-01-15 09:57:31.473,AAPL,100.188111,10000
2024-01-15 09:57:32.596,AAPL,100.196176,10000
2024-01-15 09:57:33.719,AAPL,100.185444,10000
2024-01-15 09:57:34.842,AAPL,100.195815,10000
2024-01-15 09:57:35.965,AAPL,100.204420,10000
2024-01-15 09:57:36.088,AAPL,100.208875,10000
2024-01-15 09:57:37.211,AAPL,100.237586,10000
2024-01-15 09:57:38.334,AAPL,100.273526,10000
2024-01-15 09:57:39.457,AAPL,100.262308,10000
2024-01-15 09:57:40.580,AAPL,100.245476,10000
2024-01-15 09:57:41.703,AAPL,100.218218,10000
2024-01-15 09:57:42.826,AAPL,100.224575,10000
2024-01-15 09:57:43.949,AAPL,100.251342,10000
2024-01-15 09:57:44.072,AAPL,100.248769,10000
2024-01-15 09:57:45.195,AAPL,100.262010,10000
2024-01-15 09:57:46.318,AAPL,100.246460,10000
2024-01-15 09:57:47.441,AAPL,100.240724,10000
2024-01-15 09:57:48.564,AAPL,100.232200,10000
2024-01-15 09:57:49.687,AAPL,100.266248,10000
2024-01-15 09:57:50.810,AAPL,100.257537,10000
2024-01-15 09:57:51.933,AAPL,100.254046,10000
2024-01-15 09:57:52.056,AAPL,100.252281,10000
2024-01-15 09:57:53.179,AAPL,100.252165,10000
2024-01-15 09:57:54.302,AAPL,100.273322,10000
2024-01-15 09:57:55.425,AAPL,100.282070,10000
2024-01-15 09:57:56.548,AAPL,100.278463,10000
2024-01-15 09:57:57.671,AAPL,100.265963,10000
2024-01-15 09:57:58.794,AAPL,100.245875,10000
2024-01-15 09:57:59.917,AAPL,100.253255,10000
2024-01-15 09:58:00.040,AAPL,100.255976,10000
2024-01-15 09:58:01.163,AAPL,100.266877,10000
2024-01-15 09:58:02.286,AAPL,100.258232,10000
2024-01-15 09:58:03.409,AAPL,100.256277,10000
2024-01-15 09:58:04.532,AAPL,100.249708,10000
2024-01-15 09:58:05.655,AAPL,100.248028,10000
2024-01-15 09:58:06.778,AAPL,100.254689,10000
2024-01-15 09:58:07.901,AAPL,100.260831,10000
2024-01-15 09:58:08.024,AAPL,100.266987,10000
2024-01-15 09:58:09.147,AAPL,100.299788,10000
2024-01-15 09:58:10.270,AAPL,100.341332,10000
2024-01-15 09:58:11.393,AAPL,100.317316,10000
2024-01-15 09:58:12.516,AAPL,100.308582,10000
2024-01-15 09:58:13.639,AAPL,100.337907,10000
2024-01-15 09:58:14.762,AAPL,100.326385,10000
2024-01-15 09:58:15.885,AAPL,100.296932,10000
2024-01-15 09:58:16.008,AAPL,100.294473,10000
2024-01-15 09:58:17.131,AAPL,100.293568,10000
2024-01-15 09:58:18.254,AAPL,100.282378,5195
2024-01-15 09:58:19.377,AAPL,100.269718,10000
2024-01-15 09:58:20.500,AAPL,100.261446,10000
2024-01-15 09:58:21.623,AAPL,100.262044,10000
2024-01-15 09:58:22.746,AAPL,100.262514,10000
2024-01-15 09:58:23.869,AAPL,100.274411,10000
2024-01-15 09:58:24.992,AAPL,100.276149,10000
2024-01-15 09:58:25.115,AAPL,100.290620,10000
2024-01-15 09:58:26.238,AAPL,100.297790,10000
2024-01-15 09:58:27.361,AAPL,100.292830,10000
2024-01-15 09:58:28.484,AAPL,100.283094,10000
2024-01-15 09:58:29.607,AAPL,100.267769,10000
2024-01-15 09:58:30.730,AAPL,100.275561,10000
2024-01-15 09:58:31.853,AAPL,100.263392,10000
2024-01-15 09:58:32.976,AAPL,100.262150,5258
2024-01-15 09:58:33.099,AAPL,100.275786,10000
2024-01-15 09:58:34.222,AAPL,100.273788,1220
2024-01-15 09:58:35.345,AAPL,100.276798,10000
2024-01-15 09:58:36.468,AAPL,100.288103,10000
2024-01-15 09:58:37.591,AAPL,100.277473,10000
2024-01-15 09:58:38.714,AAPL,100.252664,10000
2024-01-15 09:58:39.837,AAPL,100.261217,10000
2024-01-15 09:58:40.960,AAPL,100.252429,10000
2024-01-15 09:58:41.083,AAPL,100.247305,10000
2024-01-15 09:58:42.206,AAPL,100.261820,10000
2024-01-15 09:58:43.329,AAPL,100.257217,10000
2024-01-15 09:58:44.452,AAPL,100.263664,10000
2024-01-15 09:58:45.575,AAPL,100.256382,10000
2024-01-15 09:58:46.698,AAPL,100.248468,10000
2024-01-15 09:58:47.821,AAPL,100.254896,10000
2024-01-15 09:58:48.944,AAPL,100.279945,10000
2024-01-15 09:58:49.067,AAPL,100.272255,10000
2024-01-15 09:58:50.190,AAPL,100.270045,10000
2024-01-15 09:58:51.313,AAPL,100.261799,10000
2024-01-15 09:58:52.436,AAPL,100.271385,1130
2024-01-15 09:58:53.559,AAPL,100.263943,10000
2024-01-15 09:58:54.682,AAPL,100.263313,10000
2024-01-15 09:58:55.805,AAPL,100.272205,10000
2024-01-15 09:58:56.928,AAPL,100.273617,10000
2024-01-15 09:58:57.051,AAPL,100.290644,10000
2024-01-15 09:58:58.174,AAPL,100.300231,10000
2024-01-15 09:58:59.297,AAPL,100.290745,10000
2024-01-15 09:59:00.420,AAPL,100.293935,10000
2024-01-15 09:59:01.543,AAPL,100.299585,10000
2024-01-15 09:59:02.666,AAPL,100.319903,10000
2024-01-15 09:59:03.789,AAPL,100.315395,10000
2024-01-15 09:59:04.912,AAPL,100.326676,10000
2024-01-15 09:59:05.035,AAPL,100.339036,10000
2024-01-15 09:59:06.158,AAPL,100.361613,10000
2024-01-15 09:59:07.281,AAPL,100.368206,10000
2024-01-15 09:59:08.404,AAPL,100.361884,10000
2024-01-15 09:59:09.527,AAPL,100.356387,10000
2024-01-15 09:59:10.650,AAPL,100.323836,10000
2024-01-15 09:59:11.773,AAPL,100.345173,10000
2024-01-15 09:59:12.896,AAPL,100.341803,10000
2024-01-15 09:59:13.019,AAPL,100.348545,10000
2024-01-15 09:59:14.142,AAPL,100.368240,10000
2024-01-15 09:59:15.265,AAPL,100.389739,10000
2024-01-15 09:59:16.388,AAPL,100.383644,10000
2024-01-15 09:59:17.511,AAPL,100.376112,10000
2024-01-15 09:59:18.634,AAPL,100.401907,10000
2024-01-15 09:59:19.757,AAPL,100.382830,10000
2024-01-15 09:59:20.880,AAPL,100.377776,10000
2024-01-15 09:59:21.003,AAPL,100.403539,10000
2024-01-15 09:59:22.126,AAPL,100.420274,10000
2024-01-15 09:59:23.249,AAPL,100.432115,10000
2024-01-15 09:59:24.372,AAPL,100.438275,10000
2024-01-15 09:59:25.495,AAPL,100.441663,10000
2024-01-15 09:59:26.618,AAPL,100.429690,10000
2024-01-15 09:59:27.741,AAPL,100.431827,10000
2024-01-15 09:59:28.864,AAPL,100.416774,10000
2024-01-15 09:59:29.987,AAPL,100.408772,10000
2024-01-15 09:59:30.110,AAPL,100.398527,10000
2024-01-15 09:59:31.233,AAPL,100.399347,10000
2024-01-15 09:59:32.356,AAPL,100.413461,10000
2024-01-15 09:59:33.479,AAPL,100.407276,10000
2024-01-15 09:59:34.602,AAPL,100.394428,10000
2024-01-15 09:59:35.725,AAPL,100.402725,10000
2024-01-15 09:59:36.848,AAPL,100.404468,10000
2024-01-15 09:59:37.971,AAPL,100.409088,10000
2024-01-15 09:59:38.094,AAPL,100.427247,10000
2024-01-15 09:59:39.217,AAPL,100.449594,10000
2024-01-15 09:59:40.340,AAPL,100.456940,10000
2024-01-15 09:59:41.463,AAPL,100.473559,10000
2024-01-15 09:59:42.586,AAPL,100.499527,10000
2024-01-15 09:59:43.709,AAPL,100.508086,10000
2024-01-15 09:59:44.832,AAPL,100.507770,10000
2024-01-15 09:59:45.955,AAPL,100.500152,10000
2024-01-15 09:59:46.078,AAPL,100.520749,10000
2024-01-15 09:59:47.201,AAPL,100.529296,10000
2024-01-15 09:59:48.324,AAPL,100.543155,10000
2024-01-15 09:59:49.447,AAPL,100.522682,10000
2024-01-15 09:59:50.570,AAPL,100.536387,10000
2024-01-15 09:59:51.693,AAPL,100.533942,10000
2024-01-15 09:59:52.816,AAPL,100.507691,10000
2024-01-15 09:59:53.939,AAPL,100.514340,10000
2024-01-15 09:59:54.062,AAPL,100.508109,10000
2024-01-15 09:59:55.185,AAPL,100.490112,10000
2024-01-15 09:59:56.308,AAPL,100.494733,10000
2024-01-15 09:59:57.431,AAPL,100.490310,10000
2024-01-15 09:59:58.554,AAPL,100.503862,10000
2024-01-15 09:59:59.677,AAPL,100.508902,10000
2024-01-15 10:00:00.800,AAPL,100.513467,10000
2024-01-15 10:00:01.923,AAPL,100.554278,10000
2024-01-15 10:00:02.046,AAPL,100.549372,10000
2024-01-15 10:00:03.169,AAPL,100.548283,10000
2024-01-15 10:00:04.292,AAPL,100.563186,10000
2024-01-15 10:00:05.415,AAPL,100.571072,10000
2024-01-15 10:00:06.538,AAPL,100.550709,10000
2024-01-15 10:00:07.661,AAPL,100.533920,10000
2024-01-15 10:00:08.784,AAPL,100.524492,10000
2024-01-15 10:00:09.907,AAPL,100.534340,10000
2024-01-15 10:00:10.030,AAPL,100.553327,10000
2024-01-15 10:00:11.153,AAPL,100.535112,10000
2024-01-15 10:00:12.276,AAPL,100.525439,10000
2024-01-15 10:00:13.399,AAPL,100.524029,10000
2024-01-15 10:00:14.522,AAPL,100.547748,10000
2024-01-15 10:00:15.645,AAPL,100.568024,10000
2024-01-15 10:00:16.768,AAPL,100.582135,10000
2024-01-15 10:00:17.891,AAPL,100.564711,10000
2024-01-15 10:00:18.014,AAPL,100.563478,10000
2024-01-15 10:00:19.137,AAPL,100.563700,10000
2024-01-15 10:00:20.260,AAPL,100.553706,10000
2024-01-15 10:00:21.383,AAPL,100.543623,10000
2024-01-15 10:00:22.506,AAPL,100.517964,10000
2024-01-15 10:00:23.629,AAPL,100.510193,10000
2024-01-15 10:00:24.752,AAPL,100.493638,10000
2024-01-15 10:00:25.875,AAPL,100.522413,10000
2024-01-15 10:00:26.998,AAPL,100.502535,10000
2024-01-15 10:00:27.121,AAPL,100.485501,10000
2024-01-15 10:00:28.244,AAPL,100.487836,10000
2024-01-15 10:00:29.367,AAPL,100.507476,10000
2024-01-15 10:00:30.490,AAPL,100.521793,10000
2024-01-15 10:00:31.613,AAPL,100.524078,10000
2024-01-15 10:00:32.736,AAPL,100.532349,10000
2024-01-15 10:00:33.859,AAPL,100.516086,10000
2024-01-15 10:00:34.982,AAPL,100.504331,10000
2024-01-15 10:00:35.105,AAPL,100.506840,10000
2024-01-15 10:00:36.228,AAPL,100.504039,10000
2024-01-15 10:00:37.351,AAPL,100.529951,10000
2024-01-15 10:00:38.474,AAPL,100.535210,10000
2024-01-15 10:00:39.597,AAPL,100.536101,10000
2024-01-15 10:00:40.720,AAPL,100.508660,10000
2024-01-15 10:00:41.843,AAPL,100.514283,10000
2024-01-15 10:00:42.966,AAPL,100.520925,10000
2024-01-15 10:00:43.089,AAPL,100.511296,10000
2024-01-15 10:00:44.212,AAPL,100.503493,10000
2024-01-15 10:00:45.335,AAPL,100.497469,10000
2024-01-15 10:00:46.458,AAPL,100.497117,10000
2024-01-15 10:00:47.581,AAPL,100.495766,10000
2024-01-15 10:00:48.704,AAPL,100.502428,10000
2024-01-15 10:00:49.827,AAPL,100.507334,10000
2024-01-15 10:00:50.950,AAPL,100.517213,10000
2024-01-15 10:00:51.073,AAPL,100.519587,10000
2024-01-15 10:00:52.196,AAPL,100.543448,10000
2024-01-15 10:00:53.319,AAPL,100.554480,10000
2024-01-15 10:00:54.442,AAPL,100.566721,10000
2024-01-15 10:00:55.565,AAPL,100.545509,10000
2024-01-15 10:00:56.688,AAPL,100.548219,10000
2024-01-15 10:00:57.811,AAPL,100.543822,10000
2024-01-15 10:00:58.934,AAPL,100.552948,10000
2024-01-15 10:00:59.057,AAPL,100.569031,10000
2024-01-15 10:01:00.180,AAPL,100.563884,10000
2024-01-15 10:01:01.303,AAPL,100.574270,10000
2024-01-15 10:01:02.426,AAPL,100.589583,10000
2024-01-15 10:01:03.549,AAPL,100.571955,10000
2024-01-15 10:01:04.672,AAPL,100.586044,10000
2024-01-15 10:01:05.795,AAPL,100.559488,10000
2024-01-15 10:01:06.918,AAPL,100.582739,10000
2024-01-15 10:01:07.041,AAPL,100.554453,10000
2024-01-15 10:01:08.164,AAPL,100.540663,10000
2024-01-15 10:01:09.287,AAPL,100.546593,10000
2024-01-15 10:01:10.410,AAPL,100.547361,10000
2024-01-15 10:01:11.533,AAPL,100.555543,10000
2024-01-15 10:01:12.656,AAPL,100.540012,10000
2024-01-15 10:01:13.779,AAPL,100.541190,10000
2024-01-15 10:01:14.902,AAPL,100.512463,10000
2024-01-15 10:01:15.025,AAPL,100.525900,10000
2024-01-15 10:01:16.148,AAPL,100.527042,10000
2024-01-15 10:01:17.271,AAPL,100.544376,10000
2024-01-15 10:01:18.394,AAPL,100.564501,10000
2024-01-15 10:01:19.517,AAPL,100.548899,10000
2024-01-15 10:01:20.640,AAPL,100.543281,10000
2024-01-15 10:01:21.763,AAPL,100.537145,10000
2024-01-15 10:01:22.886,AAPL,100.539864,10000
2024-01-15 10:01:23.009,AAPL,100.546731,10000
2024-01-15 10:01:24.132,AAPL,100.540429,10000
2024-01-15 10:01:25.255,AAPL,100.543771,10000
2024-01-15 10:01:26.378,AAPL,100.561051,10000
2024-01-15 10:01:27.501,AAPL,100.562254,10000
2024-01-15 10:01:28.624,AAPL,100.569006,10000
2024-01-15 10:01:29.747,AAPL,100.561901,10000
2024-01-15 10:01:30.870,AAPL,100.559925,10000
2024-01-15 10:01:31.993,AAPL,100.549110,10000
2024-01-15 10:01:32.116,AAPL,100.550010,2687
2024-01-15 10:01:33.239,AAPL,100.536841,10000
2024-01-15 10:01:34.362,AAPL,100.542271,10000
2024-01-15 10:01:35.485,AAPL,100.575745,10000
2024-01-15 10:01:36.608,AAPL,100.561526,10000
2024-01-15 10:01:37.731,AAPL,100.555439,10000
2024-01-15 10:01:38.854,AAPL,100.560370,10000
2024-01-15 10:01:39.977,AAPL,100.539097,10000
2024-01-15 10:01:40.100,AAPL,100.550826,10000
2024-01-15 10:01:41.223,AAPL,100.556553,10000
2024-01-15 10:01:42.346,AAPL,100.541730,10000
2024-01-15 10:01:43.469,AAPL,100.538512,10000
2024-01-15 10:01:44.592,AAPL,100.552884,10000
2024-01-15 10:01:45.715,AAPL,100.551829,10000
2024-01-15 10:01:46.838,AAPL,100.542100,10000
2024-01-15 10:01:47.961,AAPL,100.528123,10000
2024-01-15 10:01:48.084,AAPL,100.510352,10000
2024-01-15 10:01:49.207,AAPL,100.520001,10000
2024-01-15 10:01:50.330,AAPL,100.499639,10000
2024-01-15 10:01:51.453,AAPL,100.508403,10000
2024-01-15 10:01:52.576,AAPL,100.502982,10000
2024-01-15 10:01:53.699,AAPL,100.525435,10000
2024-01-15 10:01:54.822,AAPL,100.541262,10000
2024-01-15 10:01:55.945,AAPL,100.546388,10000
2024-01-15 10:01:56.068,AAPL,100.557801,10000
2024-01-15 10:01:57.191,AAPL,100.547959,10000
2024-01-15 10:01:58.314,AAPL,100.531486,10000
2024-01-15 10:01:59.437,AAPL,100.509312,10000
2024-01-15 10:02:00.560,AAPL,100.506487,10000
2024-01-15 10:02:01.683,AAPL,100.522764,10000
2024-01-15 10:02:02.806,AAPL,100.533594,10000
2024-01-15 10:02:03.929,AAPL,100.515912,10000
2024-01-15 10:02:04.052,AAPL,100.495702,10000
2024-01-15 10:02:05.175,AAPL,100.492463,10000
2024-01-15 10:02:06.298,AAPL,100.474994,10000
2024-01-15 10:02:07.421,AAPL,100.455297,10000
2024-01-15 10:02:08.544,AAPL,100.431711,10000
2024-01-15 10:02:09.667,AAPL,100.443115,10000
2024-01-15 10:02:10.790,AAPL,100.452234,10000
2024-01-15 10:02:11.913,AAPL,100.469457,10000
2024-01-15 10:02:12.036,AAPL,100.465515,1337
2024-01-15 10:02:13.159,AAPL,100.481924,10000
2024-01-15 10:02:14.282,AAPL,100.486964,10000
2024-01-15 10:02:15.405,AAPL,100.486701,10000
2024-01-15 10:02:16.528,AAPL,100.496740,10000
2024-01-15 10:02:17.651,AAPL,100.508110,10000
2024-01-15 10:02:18.774,AAPL,100.502902,10000
2024-01-15 10:02:19.897,AAPL,100.499793,10000
2024-01-15 10:02:20.020,AAPL,100.532197,10000
2024-01-15 10:02:21.143,AAPL,100.534240,10000
2024-01-15 10:02:22.266,AAPL,100.528880,10000
2024-01-15 10:02:23.389,AAPL,100.525058,10000
2024-01-15 10:02:24.512,AAPL,100.515612,10000
2024-01-15 10:02:25.635,AAPL,100.499576,10000
2024-01-15 10:02:26.758,AAPL,100.498311,10000
2024-01-15 10:02:27.881,AAPL,100.500852,10000
2024-01-15 10:02:28.004,AAPL,100.519277,10000
2024-01-15 10:02:29.127,AAPL,100.524078,10000
2024-01-15 10:02:30.250,AAPL,100.524448,10000
2024-01-15 10:02:31.373,AAPL,100.491399,10000
2024-01-15 10:02:32.496,AAPL,100.517705,10000
2024-01-15 10:02:33.619,AAPL,100.522608,10000
2024-01-15 10:02:34.742,AAPL,100.515742,10000
2024-01-15 10:02:35.865,AAPL,100.523340,10000
2024-01-15 10:02:36.988,AAPL,100.516193,10000
2024-01-15 10:02:37.111,AAPL,100.510489,10000
2024-01-15 10:02:38.234,AAPL,100.519812,10000
2024-01-15 10:02:39.357,AAPL,100.521432,10000
2024-01-15 10:02:40.480,AAPL,100.525397,10000
2024-01-15 10:02:41.603,AAPL,100.511947,10000
2024-01-15 10:02:42.726,AAPL,100.510428,10000
2024-01-15 10:02:43.849,AAPL,100.514198,10000
2024-01-15 10:02:44.972,AAPL,100.500378,10000
2024-01-15 10:02:45.095,AAPL,100.499583,10000
2024-01-15 10:02:46.218,AAPL,100.486845,10000
2024-01-15 10:02:47.341,AAPL,100.490022,10000
2024-01-15 10:02:48.464,AAPL,100.483992,432
2024-01-15 10:02:49.587,AAPL,100.493528,10000
2024-01-15 10:02:50.710,AAPL,100.510037,10000
2024-01-15 10:02:51.833,AAPL,100.488272,10000
2024-01-15 10:02:52.956,AAPL,100.480369,10000
2024-01-15 10:02:53.079,AAPL,100.472978,10000
2024-01-15 10:02:54.202,AAPL,100.484566,10000
2024-01-15 10:02:55.325,AAPL,100.464916,10000
2024-01-15 10:02:56.448,AAPL,100.457554,10000
2024-01-15 10:02:57.571,AAPL,100.447445,10000
2024-01-15 10:02:58.694,AAPL,100.455667,10000
2024-01-15 10:02:59.817,AAPL,100.438931,10000
2024-01-15 10:03:00.940,AAPL,100.425434,10000
2024-01-15 10:03:01.063,AAPL,100.431876,10000
2024-01-15 10:03:02.186,AAPL,100.449303,10000
2024-01-15 10:03:03.309,AAPL,100.443623,10000
2024-01-15 10:03:04.432,AAPL,100.479083,10000
2024-01-15 10:03:05.555,AAPL,100.453548,10000
2024-01-15 10:03:06.678,AAPL,100.439805,10000
2024-01-15 10:03:07.801,AAPL,100.436749,10000
2024-01-15 10:03:08.924,AAPL,100.444358,10000
2024-01-15 10:03:09.047,AAPL,100.431312,10000
2024-01-15 10:03:10.170,AAPL,100.445444,10000
2024-01-15 10:03:11.293,AAPL,100.450911,10000
2024-01-15 10:03:12.416,AAPL,100.445196,10000
2024-01-15 10:03:13.539,AAPL,100.443589,10000
2024-01-15 10:03:14.662,AAPL,100.443524,10000
2024-01-15 10:03:15.785,AAPL,100.420639,10000
2024-01-15 10:03:16.908,AAPL,100.427911,10000
2024-01-15 10:03:17.031,AAPL,100.422796,10000
2024-01-15 10:03:18.154,AAPL,100.427011,10000
2024-01-15 10:03:19.277,AAPL,100.440298,10000
2024-01-15 10:03:20.400,AAPL,100.442487,10000
2024-01-15 10:03:21.523,AAPL,100.448594,10000
2024-01-15 10:03:22.646,AAPL,100.446405,10000
2024-01-15 10:03:23.769,AAPL,100.450675,10000
2024-01-15 10:03:24.892,AAPL,100.467905,10000
2024-01-15 10:03:25.015,AAPL,100.467664,10000
2024-01-15 10:03:26.138,AAPL,100.464289,10000
2024-01-15 10:03:27.261,AAPL,100.469102,10000
2024-01-15 10:03:28.384,AAPL,100.468106,10000
2024-01-15 10:03:29.507,AAPL,100.460168,10000
2024-01-15 10:03:30.630,AAPL,100.467726,10000
2024-01-15 10:03:31.753,AAPL,100.482085,10000
2024-01-15 10:03:32.876,AAPL,100.484525,10000
2024-01-15 10:03:33.999,AAPL,100.452554,10000
2024-01-15 10:03:34.122,AAPL,100.468244,10000
2024-01-15 10:03:35.245,AAPL,100.460220,10000
2024-01-15 10:03:36.368,AAPL,100.458319,10000
2024-01-15 10:03:37.491,AAPL,100.447839,10000
2024-01-15 10:03:38.614,AAPL,100.457158,10000
2024-01-15 10:03:39.737,AAPL,100.448180,10000
2024-01-15 10:03:40.860,AAPL,100.446638,10000
2024-01-15 10:03:41.983,AAPL,100.443862,10000
2024-01-15 10:03:42.106,AAPL,100.452884,10000
2024-01-15 10:03:43.229,AAPL,100.448832,10000
2024-01-15 10:03:44.352,AAPL,100.435500,10000
2024-01-15 10:03:45.475,AAPL,100.435017,10000
2024-01-15 10:03:46.598,AAPL,100.439800,10000
2024-01-15 10:03:47.721,AAPL,100.425702,10000
2024-01-15 10:03:48.844,AAPL,100.428351,10000
2024-01-15 10:03:49.967,AAPL,100.417466,10000
2024-01-15 10:03:50.090,AAPL,100.412622,10000
2024-01-15 10:03:51.213,AAPL,100.397991,10000
2024-01-15 10:03:52.336,AAPL,100.424812,10000
2024-01-15 10:03:53.459,AAPL,100.424210,10000
2024-01-15 10:03:54.582,AAPL,100.439120,10000
2024-01-15 10:03:55.705,AAPL,100.423199,10000
2024-01-15 10:03:56.828,AAPL,100.432242,10000
2024-01-15 10:03:57.951,AAPL,100.460201,10000
2024-01-15 10:03:58.074,AAPL,100.481207,10000
2024-01-15 10:03:59.197,AAPL,100.486100,10000
2024-01-15 10:04:00.320,AAPL,100.475598,10000
2024-01-15 10:04:01.443,AAPL,100.490376,10000
2024-01-15 10:04:02.566,AAPL,100.494502,10000
2024-01-15 10:04:03.689,AAPL,100.487405,10000
2024-01-15 10:04:04.812,AAPL,100.494453,10000
2024-01-15 10:04:05.935,AAPL,100.494277,10000
2024-01-15 10:04:06.058,AAPL,100.487764,10000
2024-01-15 10:04:07.181,AAPL,100.507186,10000
2024-01-15 10:04:08.304,AAPL,100.495934,10000
2024-01-15 10:04:09.427,AAPL,100.498071,10000
2024-01-15 10:04:10.550,AAPL,100.482238,10000
2024-01-15 10:04:11.673,AAPL,100.484947,10000
2024-01-15 10:04:12.796,AAPL,100.492965,10000
2024-01-15 10:04:13.919,AAPL,100.488297,10000
2024-01-15 10:04:14.042,AAPL,100.502460,10000
2024-01-15 10:04:15.165,AAPL,100.485464,10000
2024-01-15 10:04:16.288,AAPL,100.497883,10000
2024-01-15 10:04:17.411,AAPL,100.518179,10000
2024-01-15 10:04:18.534,AAPL,100.519271,10000
2024-01-15 10:04:19.657,AAPL,100.535002,10000
2024-01-15 10:04:20.780,AAPL,100.549754,10000
2024-01-15 10:04:21.903,AAPL,100.559927,10000
2024-01-15 10:04:22.026,AAPL,100.515871,10000
2024-01-15 10:04:23.149,AAPL,100.518914,10000
2024-01-15 10:04:24.272,AAPL,100.527050,10000
2024-01-15 10:04:25.395,AAPL,100.542964,10000
2024-01-15 10:04:26.518,AAPL,100.537550,10000
2024-01-15 10:04:27.641,AAPL,100.532372,10000
2024-01-15 10:04:28.764,AAPL,100.546507,10000
2024-01-15 10:04:29.887,AAPL,100.546889,10000
2024-01-15 10:04:30.010,AAPL,100.533831,10000
2024-01-15 10:04:31.133,AAPL,100.543482,10000
2024-01-15 10:04:32.256,AAPL,100.564024,10000
2024-01-15 10:04:33.379,AAPL,100.585143,10000
2024-01-15 10:04:34.502,AAPL,100.590218,10000
2024-01-15 10:04:35.625,AAPL,100.577168,10000
2024-01-15 10:04:36.748,AAPL,100.594351,10000
2024-01-15 10:04:37.871,AAPL,100.595424,10000
2024-01-15 10:04:38.994,AAPL,100.605716,10000
2024-01-15 10:04:39.117,AAPL,100.594172,10000
2024-01-15 10:04:40.240,AAPL,100.603356,10000
2024-01-15 10:04:41.363,AAPL,100.611481,10000
2024-01-15 10:04:42.486,AAPL,100.597253,10000
2024-01-15 10:04:43.609,AAPL,100.603246,10000
2024-01-15 10:04:44.732,AAPL,100.614765,10000
2024-01-15 10:04:45.855,AAPL,100.625949,10000
2024-01-15 10:04:46.978,AAPL,100.626589,10000
2024-01-15 10:04:47.101,AAPL,100.631275,10000
2024-01-15 10:04:48.224,AAPL,100.653302,10000
2024-01-15 10:04:49.347,AAPL,100.675504,10000
2024-01-15 10:04:50.470,AAPL,100.682464,10000
2024-01-15 10:04:51.593,AAPL,100.677049,10000
2024-01-15 10:04:52.716,AAPL,100.666526,10000
2024-01-15 10:04:53.839,AAPL,100.630810,10000
2024-01-15 10:04:54.962,AAPL,100.632676,10000
2024-01-15 10:04:55.085,AAPL,100.626272,10000
2024-01-15 10:04:56.208,AAPL,100.613126,10000
2024-01-15 10:04:57.331,AAPL,100.609518,10000
2024-01-15 10:04:58.454,AAPL,100.596975,10000
2024-01-15 10:04:59.577,AAPL,100.584428,10000
2024-01-15 10:05:00.700,AAPL,100.558964,10000
2024-01-15 10:05:01.823,AAPL,100.544907,10000
2024-01-15 10:05:02.946,AAPL,100.542682,10000
2024-01-15 10:05:03.069,AAPL,100.544969,10000
2024-01-15 10:05:04.192,AAPL,100.555272,10000
2024-01-15 10:05:05.315,AAPL,100.529666,10000
2024-01-15 10:05:06.438,AAPL,100.526551,10000
2024-01-15 10:05:07.561,AAPL,100.524569,10000
2024-01-15 10:05:08.684,AAPL,100.519615,10000
2024-01-15 10:05:09.807,AAPL,100.534859,10000
2024-01-15 10:05:10.930,AAPL,100.534797,10000
2024-01-15 10:05:11.053,AAPL,100.540164,10000
2024-01-15 10:05:12.176,AAPL,100.526179,10000
2024-01-15 10:05:13.299,AAPL,100.518854,10000
2024-01-15 10:05:14.422,AAPL,100.516697,10000
2024-01-15 10:05:15.545,AAPL,100.505880,10000
2024-01-15 10:05:16.668,AAPL,100.475869,10000
2024-01-15 10:05:17.791,AAPL,100.489165,10000
2024-01-15 10:05:18.914,AAPL,100.496412,10000
2024-01-15 10:05:19.037,AAPL,100.478835,10000
2024-01-15 10:05:20.160,AAPL,100.467222,10000
2024-01-15 10:05:21.283,AAPL,100.472533,10000
2024-01-15 10:05:22.406,AAPL,100.487237,10000
2024-01-15 10:05:23.529,AAPL,100.485618,10000
2024-01-15 10:05:24.652,AAPL,100.488555,10000
2024-01-15 10:05:25.775,AAPL,100.484584,10000
2024-01-15 10:05:26.898,AAPL,100.503732,10000
2024-01-15 10:05:27.021,AAPL,100.503553,10000
2024-01-15 10:05:28.144,AAPL,100.507163,10000
2024-01-15 10:05:29.267,AAPL,100.527964,10000
2024-01-15 10:05:30.390,AAPL,100.516959,10000
2024-01-15 10:05:31.513,AAPL,100.521659,10000
2024-01-15 10:05:32.636,AAPL,100.530055,10000
2024-01-15 10:05:33.759,AAPL,100.531186,10000
2024-01-15 10:05:34.882,AAPL,100.532696,10000
2024-01-15 10:05:35.005,AAPL,100.521028,10000
2024-01-15 10:05:36.128,AAPL,100.514941,10000
2024-01-15 10:05:37.251,AAPL,100.531561,10000
2024-01-15 10:05:38.374,AAPL,100.528863,10000
2024-01-15 10:05:39.497,AAPL,100.518173,10000
2024-01-15 10:05:40.620,AAPL,100.508878,10000
2024-01-15 10:05:41.743,AAPL,100.525577,10000
2024-01-15 10:05:42.866,AAPL,100.532616,10000
2024-01-15 10:05:43.989,AAPL,100.517610,10000
2024-01-15 10:05:44.112,AAPL,100.493558,10000
2024-01-15 10:05:45.235,AAPL,100.520100,10000
2024-01-15 10:05:46.358,AAPL,100.516526,10000
2024-01-15 10:05:47.481,AAPL,100.526894,10000
2024-01-15 10:05:48.604,AAPL,100.528073,10000
2024-01-15 10:05:49.727,AAPL,100.522468,10000
2024-01-15 10:05:50.850,AAPL,100.534880,10000
2024-01-15 10:05:51.973,AAPL,100.527641,10000
2024-01-15 10:05:52.096,AAPL,100.542657,10000
2024-01-15 10:05:53.219,AAPL,100.531362,10000
2024-01-15 10:05:54.342,AAPL,100.523262,10000
2024-01-15 10:05:55.465,AAPL,100.528093,10000
2024-01-15 10:05:56.588,AAPL,100.517942,10000
2024-01-15 10:05:57.711,AAPL,100.523066,10000
2024-01-15 10:05:58.834,AAPL,100.530409,10000
2024-01-15 10:05:59.957,AAPL,100.523809,10000
2024-01-15 10:06:00.080,AAPL,100.510547,10000
2024-01-15 10:06:01.203,AAPL,100.494007,10000
2024-01-15 10:06:02.326,AAPL,100.503627,10000
2024-01-15 10:06:03.449,AAPL,100.507263,10000
2024-01-15 10:06:04.572,AAPL,100.508746,10000
2024-01-15 10:06:05.695,AAPL,100.510509,10000
2024-01-15 10:06:06.818,AAPL,100.532076,10000
2024-01-15 10:06:07.941,AAPL,100.524212,10000
2024-01-15 10:06:08.064,AAPL,100.508258,10000
2024-01-15 10:06:09.187,AAPL,100.514137,10000
2024-01-15 10:06:10.310,AAPL,100.522268,10000
2024-01-15 10:06:11.433,AAPL,100.532726,10000
2024-01-15 10:06:12.556,AAPL,100.523848,3924
2024-01-15 10:06:13.679,AAPL,100.519674,10000
2024-01-15 10:06:14.802,AAPL,100.506447,10000
2024-01-15 10:06:15.925,AAPL,100.512617,10000
2024-01-15 10:06:16.048,AAPL,100.504809,10000
2024-01-15 10:06:17.171,AAPL,100.501862,10000
2024-01-15 10:06:18.294,AAPL,100.499335,10000
2024-01-15 10:06:19.417,AAPL,100.491526,10000
2024-01-15 10:06:20.540,AAPL,100.494417,10000
2024-01-15 10:06:21.663,AAPL,100.498919,10000
2024-01-15 10:06:22.786,AAPL,100.503468,288
2024-01-15 10:06:23.909,AAPL,100.514759,10000
2024-01-15 10:06:24.032,AAPL,100.495994,10000
2024-01-15 10:06:25.155,AAPL,100.475487,10000
2024-01-15 10:06:26.278,AAPL,100.462171,10000
2024-01-15 10:06:27.401,AAPL,100.459042,10000
2024-01-15 10:06:28.524,AAPL,100.455062,10000
2024-01-15 10:06:29.647,AAPL,100.454414,10000
2024-01-15 10:06:30.770,AAPL,100.445268,10000
2024-01-15 10:06:31.893,AAPL,100.450366,10000
2024-01-15 10:06:32.016,AAPL,100.456870,10000
2024-01-15 10:06:33.139,AAPL,100.467948,10000
2024-01-15 10:06:34.262,AAPL,100.480327,10000
2024-01-15 10:06:35.385,AAPL,100.507154,10000
2024-01-15 10:06:36.508,AAPL,100.503708,10000
2024-01-15 10:06:37.631,AAPL,100.484372,10000
2024-01-15 10:06:38.754,AAPL,100.491313,10000
2024-01-15 10:06:39.877,AAPL,100.468977,10000
2024-01-15 10:06:40.000,AAPL,100.457340,10000
2024-01-15 10:06:41.123,AAPL,100.467131,10000
2024-01-15 10:06:42.246,AAPL,100.450409,10000
2024-01-15 10:06:43.369,AAPL,100.434675,10000
2024-01-15 10:06:44.492,AAPL,100.436181,10000
2024-01-15 10:06:45.615,AAPL,100.452448,10000
2024-01-15 10:06:46.738,AAPL,100.443458,10000
2024-01-15 10:06:47.861,AAPL,100.454652,10000
2024-01-15 10:06:48.984,AAPL,100.445256,10000
2024-01-15 10:06:49.107,AAPL,100.434643,10000
2024-01-15 10:06:50.230,AAPL,100.435007,10000
2024-01-15 10:06:51.353,AAPL,100.428267,10000
2024-01-15 10:06:52.476,AAPL,100.431432,10000
2024-01-15 10:06:53.599,AAPL,100.424632,10000
2024-01-15 10:06:54.722,AAPL,100.413015,10000
2024-01-15 10:06:55.845,AAPL,100.407914,10000
2024-01-15 10:06:56.968,AAPL,100.416244,10000
2024-01-15 10:06:57.091,AAPL,100.415226,10000
2024-01-15 10:06:58.214,AAPL,100.420330,10000
2024-01-15 10:06:59.337,AAPL,100.409676,10000
2024-01-15 10:07:00.460,AAPL,100.386705,10000
2024-01-15 10:07:01.583,AAPL,100.383980,10000
2024-01-15 10:07:02.706,AAPL,100.381151,3025
2024-01-15 10:07:03.829,AAPL,100.393054,10000
2024-01-15 10:07:04.952,AAPL,100.395759,10000
2024-01-15 10:07:05.075,AAPL,100.406346,10000
2024-01-15 10:07:06.198,AAPL,100.372310,10000
2024-01-15 10:07:07.321,AAPL,100.353743,10000
2024-01-15 10:07:08.444,AAPL,100.319223,10000
2024-01-15 10:07:09.567,AAPL,100.302332,10000
2024-01-15 10:07:10.690,AAPL,100.306118,10000
2024-01-15 10:07:11.813,AAPL,100.310025,10000
2024-01-15 10:07:12.936,AAPL,100.305871,10000
2024-01-15 10:07:13.059,AAPL,100.286848,10000
2024-01-15 10:07:14.182,AAPL,100.279219,10000
2024-01-15 10:07:15.305,AAPL,100.290093,10000
2024-01-15 10:07:16.428,AAPL,100.291225,10000
2024-01-15 10:07:17.551,AAPL,100.304840,10000
2024-01-15 10:07:18.674,AAPL,100.306324,10000
2024-01-15 10:07:19.797,AAPL,100.302474,10000
2024-01-15 10:07:20.920,AAPL,100.287742,10000
2024-01-15 10:07:21.043,AAPL,100.282896,10000
2024-01-15 10:07:22.166,AAPL,100.293851,10000
2024-01-15 10:07:23.289,AAPL,100.278354,10000
2024-01-15 10:07:24.412,AAPL,100.283856,2206
2024-01-15 10:07:25.535,AAPL,100.292875,10000
2024-01-15 10:07:26.658,AAPL,100.300426,10000
2024-01-15 10:07:27.781,AAPL,100.295482,10000
2024-01-15 10:07:28.904,AAPL,100.298989,10000
2024-01-15 10:07:29.027,AAPL,100.290200,10000
2024-01-15 10:07:30.150,AAPL,100.301449,10000
2024-01-15 10:07:31.273,AAPL,100.298758,10000
2024-01-15 10:07:32.396,AAPL,100.284791,10000
2024-01-15 10:07:33.519,AAPL,100.308160,10000
2024-01-15 10:07:34.642,AAPL,100.341566,10000
2024-01-15 10:07:35.765,AAPL,100.342295,10000
2024-01-15 10:07:36.888,AAPL,100.338132,10000
2024-01-15 10:07:37.011,AAPL,100.334180,10000
2024-01-15 10:07:38.134,AAPL,100.335713,10000
2024-01-15 10:07:39.257,AAPL,100.352533,10000
2024-01-15 10:07:40.380,AAPL,100.377478,10000
2024-01-15 10:07:41.503,AAPL,100.381637,10000
2024-01-15 10:07:42.626,AAPL,100.379067,10000
2024-01-15 10:07:43.749,AAPL,100.389544,10000
2024-01-15 10:07:44.872,AAPL,100.387695,10000
2024-01-15 10:07:45.995,AAPL,100.405229,10000
2024-01-15 10:07:46.118,AAPL,100.419455,10000
2024-01-15 10:07:47.241,AAPL,100.415569,10000
2024-01-15 10:07:48.364,AAPL,100.429371,10000
2024-01-15 10:07:49.487,AAPL,100.432816,10000
2024-01-15 10:07:50.610,AAPL,100.414716,10000
2024-01-15 10:07:51.733,AAPL,100.443483,10000
2024-01-15 10:07:52.856,AAPL,100.442499,10000
2024-01-15 10:07:53.979,AAPL,100.438922,10000
2024-01-15 10:07:54.102,AAPL,100.439503,10000
2024-01-15 10:07:55.225,AAPL,100.422868,10000
2024-01-15 10:07:56.348,AAPL,100.395090,10000
2024-01-15 10:07:57.471,AAPL,100.398078,6833
2024-01-15 10:07:58.594,AAPL,100.391538,10000
2024-01-15 10:07:59.717,AAPL,100.408257,10000
2024-01-15 10:08:00.840,AAPL,100.423968,10000
2024-01-15 10:08:01.963,AAPL,100.425375,10000
2024-01-15 10:08:02.086,AAPL,100.427237,10000
2024-01-15 10:08:03.209,AAPL,100.414920,10000
2024-01-15 10:08:04.332,AAPL,100.416202,10000
2024-01-15 10:08:05.455,AAPL,100.401568,10000
2024-01-15 10:08:06.578,AAPL,100.411235,10000
2024-01-15 10:08:07.701,AAPL,100.409285,10000
2024-01-15 10:08:08.824,AAPL,100.393813,10000
2024-01-15 10:08:09.947,AAPL,100.393280,10000
2024-01-15 10:08:10.070,AAPL,100.374208,10000
2024-01-15 10:08:11.193,AAPL,100.355788,10000
2024-01-15 10:08:12.316,AAPL,100.357837,10000
2024-01-15 10:08:13.439,AAPL,100.358025,10000
2024-01-15 10:08:14.562,AAPL,100.363237,10000
2024-01-15 10:08:15.685,AAPL,100.362997,10000
2024-01-15 10:08:16.808,AAPL,100.356558,10000
2024-01-15 10:08:17.931,AAPL,100.365172,10000
2024-01-15 10:08:18.054,AAPL,100.372479,10000
2024-01-15 10:08:19.177,AAPL,100.361193,10000
2024-01-15 10:08:20.300,AAPL,100.354518,10000
2024-01-15 10:08:21.423,AAPL,100.362849,10000
2024-01-15 10:08:22.546,AAPL,100.358152,10000
2024-01-15 10:08:23.669,AAPL,100.362409,10000
2024-01-15 10:08:24.792,AAPL,100.376328,10000
2024-01-15 10:08:25.915,AAPL,100.364490,10000
2024-01-15 10:08:26.038,AAPL,100.360722,10000
2024-01-15 10:08:27.161,AAPL,100.383279,10000
2024-01-15 10:08:28.284,AAPL,100.386841,10000
2024-01-15 10:08:29.407,AAPL,100.393716,10000
2024-01-15 10:08:30.530,AAPL,100.408709,10000
2024-01-15 10:08:31.653,AAPL,100.386544,10000
2024-01-15 10:08:32.776,AAPL,100.407927,10000
2024-01-15 10:08:33.899,AAPL,100.412217,10000
2024-01-15 10:08:34.022,AAPL,100.411727,10000
2024-01-15 10:08:35.145,AAPL,100.404854,10000
2024-01-15 10:08:36.268,AAPL,100.405233,10000
2024-01-15 10:08:37.391,AAPL,100.393296,10000
2024-01-15 10:08:38.514,AAPL,100.368039,10000
2024-01-15 10:08:39.637,AAPL,100.366941,10000
2024-01-15 10:08:40.760,AAPL,100.351756,10000
2024-01-15 10:08:41.883,AAPL,100.379081,10000
2024-01-15 10:08:42.006,AAPL,100.383109,10000
2024-01-15 10:08:43.129,AAPL,100.390149,10000
2024-01-15 10:08:44.252,AAPL,100.412404,10000
2024-01-15 10:08:45.375,AAPL,100.432328,10000
2024-01-15 10:08:46.498,AAPL,100.421897,10000
2024-01-15 10:08:47.621,AAPL,100.408463,10000
2024-01-15 10:08:48.744,AAPL,100.397143,10000
2024-01-15 10:08:49.867,AAPL,100.406630,10000
2024-01-15 10:08:50.990,AAPL,100.412670,10000
2024-01-15 10:08:51.113,AAPL,100.442078,10000
2024-01-15 10:08:52.236,AAPL,100.430680,10000
2024-01-15 10:08:53.359,AAPL,100.446626,10000
2024-01-15 10:08:54.482,AAPL,100.427722,10000
2024-01-15 10:08:55.605,AAPL,100.443601,5781
2024-01-15 10:08:56.728,AAPL,100.445509,10000
2024-01-15 10:08:57.851,AAPL,100.447880,10000
2024-01-15 10:08:58.974,AAPL,100.438738,10000
2024-01-15 10:08:59.097,AAPL,100.458958,10000
2024-01-15 10:09:00.220,AAPL,100.469264,10000
2024-01-15 10:09:01.343,AAPL,100.496977,10000
2024-01-15 10:09:02.466,AAPL,100.507396,10000
2024-01-15 10:09:03.589,AAPL,100.512529,10000
2024-01-15 10:09:04.712,AAPL,100.491271,10000
2024-01-15 10:09:05.835,AAPL,100.489478,10000
2024-01-15 10:09:06.958,AAPL,100.497838,10000
2024-01-15 10:09:07.081,AAPL,100.483364,10000
2024-01-15 10:09:08.204,AAPL,100.477178,10000
2024-01-15 10:09:09.327,AAPL,100.466815,10000
2024-01-15 10:09:10.450,AAPL,100.470491,10000
2024-01-15 10:09:11.573,AAPL,100.485602,10000
2024-01-15 10:09:12.696,AAPL,100.479315,10000
2024-01-15 10:09:13.819,AAPL,100.498776,10000
2024-01-15 10:09:14.942,AAPL,100.513097,10000
2024-01-15 10:09:15.065,AAPL,100.511299,10000
2024-01-15 10:09:16.188,AAPL,100.540461,10000
2024-01-15 10:09:17.311,AAPL,100.546051,10000
2024-01-15 10:09:18.434,AAPL,100.532693,10000
2024-01-15 10:09:19.557,AAPL,100.518439,10000
2024-01-15 10:09:20.680,AAPL,100.524057,10000
2024-01-15 10:09:21.803,AAPL,100.527031,10000
2024-01-15 10:09:22.926,AAPL,100.539332,10000
2024-01-15 10:09:23.049,AAPL,100.526657,10000
2024-01-15 10:09:24.172,AAPL,100.518566,10000
2024-01-15 10:09:25.295,AAPL,100.525930,10000
2024-01-15 10:09:26.418,AAPL,100.537781,10000
2024-01-15 10:09:27.541,AAPL,100.540275,10000
2024-01-15 10:09:28.664,AAPL,100.526434,10000
2024-01-15 10:09:29.787,AAPL,100.528865,10000
2024-01-15 10:09:30.910,AAPL,100.513237,10000
2024-01-15 10:09:31.033,AAPL,100.488540,10000
2024-01-15 10:09:32.156,AAPL,100.489997,10000
2024-01-15 10:09:33.279,AAPL,100.499695,10000
2024-01-15 10:09:34.402,AAPL,100.491698,10000
2024-01-15 10:09:35.525,AAPL,100.486253,10000
2024-01-15 10:09:36.648,AAPL,100.481080,10000
2024-01-15 10:09:37.771,AAPL,100.472432,10000
2024-01-15 10:09:38.894,AAPL,100.449564,10000
2024-01-15 10:09:39.017,AAPL,100.447130,10000
2024-01-15 10:09:40.140,AAPL,100.434392,10000
2024-01-15 10:09:41.263,AAPL,100.434346,10000
2024-01-15 10:09:42.386,AAPL,100.433538,10000
2024-01-15 10:09:43.509,AAPL,100.420457,10000
2024-01-15 10:09:44.632,AAPL,100.403048,10000
2024-01-15 10:09:45.755,AAPL,100.405935,10000
2024-01-15 10:09:46.878,AAPL,100.401663,10000
2024-01-15 10:09:47.001,AAPL,100.413922,10000
2024-01-15 10:09:48.124,AAPL,100.423846,10000
2024-01-15 10:09:49.247,AAPL,100.432356,10000
2024-01-15 10:09:50.370,AAPL,100.427893,10000
2024-01-15 10:09:51.493,AAPL,100.429709,10000
2024-01-15 10:09:52.616,AAPL,100.436500,10000
2024-01-15 10:09:53.739,AAPL,100.449660,10000
2024-01-15 10:09:54.862,AAPL,100.441322,10000
2024-01-15 10:09:55.985,AAPL,100.445240,10000
2024-01-15 10:09:56.108,AAPL,100.455918,10000
2024-01-15 10:09:57.231,AAPL,100.462529,10000
2024-01-15 10:09:58.354,AAPL,100.478231,10000
2024-01-15 10:09:59.477,AAPL,100.466945,10000
2024-01-15 10:10:00.600,AAPL,100.471771,10000
2024-01-15 10:10:01.723,AAPL,100.479877,10000
2024-01-15 10:10:02.846,AAPL,100.500441,10000
2024-01-15 10:10:03.969,AAPL,100.496907,10000
2024-01-15 10:10:04.092,AAPL,100.498690,10000
2024-01-15 10:10:05.215,AAPL,100.488663,10000
2024-01-15 10:10:06.338,AAPL,100.471746,10000
2024-01-15 10:10:07.461,AAPL,100.468318,10000
2024-01-15 10:10:08.584,AAPL,100.477924,10000
2024-01-15 10:10:09.707,AAPL,100.466802,10000
2024-01-15 10:10:10.830,AAPL,100.477131,10000
2024-01-15 10:10:11.953,AAPL,100.501863,10000
2024-01-15 10:10:12.076,AAPL,100.527405,10000
2024-01-15 10:10:13.199,AAPL,100.534238,10000
2024-01-15 10:10:14.322,AAPL,100.525481,10000
2024-01-15 10:10:15.445,AAPL,100.513201,10000
2024-01-15 10:10:16.568,AAPL,100.515172,10000
2024-01-15 10:10:17.691,AAPL,100.519273,10000
2024-01-15 10:10:18.814,AAPL,100.513455,10000
2024-01-15 10:10:19.937,AAPL,100.515723,10000
2024-01-15 10:10:20.060,AAPL,100.494781,10000
2024-01-15 10:10:21.183,AAPL,100.497248,10000
2024-01-15 10:10:22.306,AAPL,100.501524,10000
2024-01-15 10:10:23.429,AAPL,100.520846,10000
2024-01-15 10:10:24.552,AAPL,100.524155,10000
2024-01-15 10:10:25.675,AAPL,100.535103,10000
2024-01-15 10:10:26.798,AAPL,100.535899,10000
2024-01-15 10:10:27.921,AAPL,100.547776,10000
2024-01-15 10:10:28.044,AAPL,100.535960,10000
2024-01-15 10:10:29.167,AAPL,100.552303,10000
2024-01-15 10:10:30.290,AAPL,100.566948,10000
2024-01-15 10:10:31.413,AAPL,100.581604,10000
2024-01-15 10:10:32.536,AAPL,100.572145,10000
2024-01-15 10:10:33.659,AAPL,100.549938,10000
2024-01-15 10:10:34.782,AAPL,100.552365,10000
2024-01-15 10:10:35.905,AAPL,100.560972,10000
2024-01-15 10:10:36.028,AAPL,100.543696,10000
2024-01-15 10:10:37.151,AAPL,100.541459,10000
2024-01-15 10:10:38.274,AAPL,100.540871,10000
2024-01-15 10:10:39.397,AAPL,100.553408,10000
2024-01-15 10:10:40.520,AAPL,100.555839,10000
2024-01-15 10:10:41.643,AAPL,100.555973,10000
2024-01-15 10:10:42.766,AAPL,100.545206,10000
2024-01-15 10:10:43.889,AAPL,100.548965,10000
2024-01-15 10:10:44.012,AAPL,100.557162,10000
2024-01-15 10:10:45.135,AAPL,100.557570,10000
2024-01-15 10:10:46.258,AAPL,100.574886,10000
2024-01-15 10:10:47.381,AAPL,100.564072,10000
2024-01-15 10:10:48.504,AAPL,100.559894,10000
2024-01-15 10:10:49.627,AAPL,100.573699,10000
2024-01-15 10:10:50.750,AAPL,100.553377,10000
2024-01-15 10:10:51.873,AAPL,100.550210,10000
2024-01-15 10:10:52.996,AAPL,100.555696,10000
2024-01-15 10:10:53.119,AAPL,100.563089,10000
2024-01-15 10:10:54.242,AAPL,100.579784,10000
2024-01-15 10:10:55.365,AAPL,100.572563,10000
2024-01-15 10:10:56.488,AAPL,100.555164,10000
2024-01-15 10:10:57.611,AAPL,100.555957,10000
2024-01-15 10:10:58.734,AAPL,100.536806,10000
2024-01-15 10:10:59.857,AAPL,100.529481,542
2024-01-15 10:11:00.980,AAPL,100.510248,10000
2024-01-15 10:11:01.103,AAPL,100.556198,10000
2024-01-15 10:11:02.226,AAPL,100.547360,10000
2024-01-15 10:11:03.349,AAPL,100.546249,10000
2024-01-15 10:11:04.472,AAPL,100.567418,10000
2024-01-15 10:11:05.595,AAPL,100.543223,10000
2024-01-15 10:11:06.718,AAPL,100.553031,10000
2024-01-15 10:11:07.841,AAPL,100.542462,10000
2024-01-15 10:11:08.964,AAPL,100.551775,10000
2024-01-15 10:11:09.087,AAPL,100.537506,10000
2024-01-15 10:11:10.210,AAPL,100.559707,10000
2024-01-15 10:11:11.333,AAPL,100.534290,10000
2024-01-15 10:11:12.456,AAPL,100.519693,10000
2024-01-15 10:11:13.579,AAPL,100.516828,10000
2024-01-15 10:11:14.702,AAPL,100.509801,10000
2024-01-15 10:11:15.825,AAPL,100.528467,10000
2024-01-15 10:11:16.948,AAPL,100.531275,10000
2024-01-15 10:11:17.071,AAPL,100.512629,10000
2024-01-15 10:11:18.194,AAPL,100.513764,10000
2024-01-15 10:11:19.317,AAPL,100.508112,10000
2024-01-15 10:11:20.440,AAPL,100.503311,10000
2024-01-15 10:11:21.563,AAPL,100.512209,10000
2024-01-15 10:11:22.686,AAPL,100.521995,10000
2024-01-15 10:11:23.809,AAPL,100.533816,10000
2024-01-15 10:11:24.932,AAPL,100.550219,10000
2024-01-15 10:11:25.055,AAPL,100.511774,10000
2024-01-15 10:11:26.178,AAPL,100.520529,10000
2024-01-15 10:11:27.301,AAPL,100.518332,10000
2024-01-15 10:11:28.424,AAPL,100.520092,10000
2024-01-15 10:11:29.547,AAPL,100.511553,10000
2024-01-15 10:11:30.670,AAPL,100.503825,10000
2024-01-15 10:11:31.793,AAPL,100.496176,10000
2024-01-15 10:11:32.916,AAPL,100.483488,10000
2024-01-15 10:11:33.039,AAPL,100.475687,10000
2024-01-15 10:11:34.162,AAPL,100.469368,10000
2024-01-15 10:11:35.285,AAPL,100.488846,10000
2024-01-15 10:11:36.408,AAPL,100.498493,10000
2024-01-15 10:11:37.531,AAPL,100.490995,10000
2024-01-15 10:11:38.654,AAPL,100.484896,10000
2024-01-15 10:11:39.777,AAPL,100.466810,10000
2024-01-15 10:11:40.900,AAPL,100.453174,10000
2024-01-15 10:11:41.023,AAPL,100.448532,10000
2024-01-15 10:11:42.146,AAPL,100.450280,10000
2024-01-15 10:11:43.269,AAPL,100.427320,10000
2024-01-15 10:11:44.392,AAPL,100.425399,10000
2024-01-15 10:11:45.515,AAPL,100.431641,10000
2024-01-15 10:11:46.638,AAPL,100.435735,10000
2024-01-15 10:11:47.761,AAPL,100.454866,10000
2024-01-15 10:11:48.884,AAPL,100.460758,10000
2024-01-15 10:11:49.007,AAPL,100.460119,10000
2024-01-15 10:11:50.130,AAPL,100.472496,10000
2024-01-15 10:11:51.253,AAPL,100.467008,10000
2024-01-15 10:11:52.376,AAPL,100.460969,10000
2024-01-15 10:11:53.499,AAPL,100.456133,10000
2024-01-15 10:11:54.622,AAPL,100.450239,10000
2024-01-15 10:11:55.745,AAPL,100.454333,10000
2024-01-15 10:11:56.868,AAPL,100.460810,10000
2024-01-15 10:11:57.991,AAPL,100.436114,10000
2024-01-15 10:11:58.114,AAPL,100.433222,10000
2024-01-15 10:11:59.237,AAPL,100.443651,10000
2024-01-15 10:12:00.360,AAPL,100.439406,10000
2024-01-15 10:12:01.483,AAPL,100.442768,10000
2024-01-15 10:12:02.606,AAPL,100.430965,10000
2024-01-15 10:12:03.729,AAPL,100.432694,10000
2024-01-15 10:12:04.852,AAPL,100.458009,10000
2024-01-15 10:12:05.975,AAPL,100.488088,10000
2024-01-15 10:12:06.098,AAPL,100.487455,10000
2024-01-15 10:12:07.221,AAPL,100.473832,10000
2024-01-15 10:12:08.344,AAPL,100.476852,10000
2024-01-15 10:12:09.467,AAPL,100.479311,10000
2024-01-15 10:12:10.590,AAPL,100.471942,10000
2024-01-15 10:12:11.713,AAPL,100.484652,10000
2024-01-15 10:12:12.836,AAPL,100.482246,10000
2024-01-15 10:12:13.959,AAPL,100.487844,10000
2024-01-15 10:12:14.082,AAPL,100.496805,10000
2024-01-15 10:12:15.205,AAPL,100.479128,10000
2024-01-15 10:12:16.328,AAPL,100.475977,10000
2024-01-15 10:12:17.451,AAPL,100.475259,10000
2024-01-15 10:12:18.574,AAPL,100.484494,10000
2024-01-15 10:12:19.697,AAPL,100.483019,10000
2024-01-15 10:12:20.820,AAPL,100.466230,10000
2024-01-15 10:12:21.943,AAPL,100.456661,10000
2024-01-15 10:12:22.066,AAPL,100.459442,10000
2024-01-15 10:12:23.189,AAPL,100.452739,10000
2024-01-15 10:12:24.312,AAPL,100.457206,10000
2024-01-15 10:12:25.435,AAPL,100.449864,10000
2024-01-15 10:12:26.558,AAPL,100.447656,10000
2024-01-15 10:12:27.681,AAPL,100.453231,10000
2024-01-15 10:12:28.804,AAPL,100.452675,10000
2024-01-15 10:12:29.927,AAPL,100.457993,10000
2024-01-15 10:12:30.050,AAPL,100.462967,10000
2024-01-15 10:12:31.173,AAPL,100.463543,10000
2024-01-15 10:12:32.296,AAPL,100.444579,10000
2024-01-15 10:12:33.419,AAPL,100.445843,10000
2024-01-15 10:12:34.542,AAPL,100.447409,10000
2024-01-15 10:12:35.665,AAPL,100.469812,10000
2024-01-15 10:12:36.788,AAPL,100.475535,10000
2024-01-15 10:12:37.911,AAPL,100.464798,10000
2024-01-15 10:12:38.034,AAPL,100.456551,10000
2024-01-15 10:12:39.157,AAPL,100.479744,10000
2024-01-15 10:12:40.280,AAPL,100.489874,10000
2024-01-15 10:12:41.403,AAPL,100.516757,10000
2024-01-15 10:12:42.526,AAPL,100.544839,10000
2024-01-15 10:12:43.649,AAPL,100.523085,10000
2024-01-15 10:12:44.772,AAPL,100.525312,2120
2024-01-15 10:12:45.895,AAPL,100.503657,10000
2024-01-15 10:12:46.018,AAPL,100.490426,10000
2024-01-15 10:12:47.141,AAPL,100.488667,10000
2024-01-15 10:12:48.264,AAPL,100.505748,10000
2024-01-15 10:12:49.387,AAPL,100.513602,10000
2024-01-15 10:12:50.510,AAPL,100.533853,10000
2024-01-15 10:12:51.633,AAPL,100.515683,10000
2024-01-15 10:12:52.756,AAPL,100.534860,10000
2024-01-15 10:12:53.879,AAPL,100.544823,10000
2024-01-15 10:12:54.002,AAPL,100.572507,10000
2024-01-15 10:12:55.125,AAPL,100.572178,10000
2024-01-15 10:12:56.248,AAPL,100.576095,10000
2024-01-15 10:12:57.371,AAPL,100.580702,10000
2024-01-15 10:12:58.494,AAPL,100.560657,10000
2024-01-15 10:12:59.617,AAPL,100.564127,10000
2024-01-15 10:13:00.740,AAPL,100.549290,10000
2024-01-15 10:13:01.863,AAPL,100.557009,10000
2024-01-15 10:13:02.986,AAPL,100.532329,10000
2024-01-15 10:13:03.109,AAPL,100.519539,10000
2024-01-15 10:13:04.232,AAPL,100.536297,10000
2024-01-15 10:13:05.355,AAPL,100.513707,10000
2024-01-15 10:13:06.478,AAPL,100.482076,10000
2024-01-15 10:13:07.601,AAPL,100.480315,10000
2024-01-15 10:13:08.724,AAPL,100.447628,10000
2024-01-15 10:13:09.847,AAPL,100.451965,10000
2024-01-15 10:13:10.970,AAPL,100.442078,10000
2024-01-15 10:13:11.093,AAPL,100.454917,10000
2024-01-15 10:13:12.216,AAPL,100.469027,10000
2024-01-15 10:13:13.339,AAPL,100.461193,10000
2024-01-15 10:13:14.462,AAPL,100.479092,10000
2024-01-15 10:13:15.585,AAPL,100.473570,10000
2024-01-15 10:13:16.708,AAPL,100.490281,10000
2024-01-15 10:13:17.831,AAPL,100.490253,10000
2024-01-15 10:13:18.954,AAPL,100.508604,10000
2024-01-15 10:13:19.077,AAPL,100.503395,10000
2024-01-15 10:13:20.200,AAPL,100.509007,10000
2024-01-15 10:13:21.323,AAPL,100.492037,10000
2024-01-15 10:13:22.446,AAPL,100.491635,10000
2024-01-15 10:13:23.569,AAPL,100.485419,10000
2024-01-15 10:13:24.692,AAPL,100.483335,10000
2024-01-15 10:13:25.815,AAPL,100.493021,10000
2024-01-15 10:13:26.938,AAPL,100.505607,10000
2024-01-15 10:13:27.061,AAPL,100.516856,10000
2024-01-15 10:13:28.184,AAPL,100.527104,10000
2024-01-15 10:13:29.307,AAPL,100.525736,10000
2024-01-15 10:13:30.430,AAPL,100.527780,10000
2024-01-15 10:13:31.553,AAPL,100.524212,10000
2024-01-15 10:13:32.676,AAPL,100.516784,10000
2024-01-15 10:13:33.799,AAPL,100.524876,10000
2024-01-15 10:13:34.922,AAPL,100.514618,10000
2024-01-15 10:13:35.045,AAPL,100.496088,10000
2024-01-15 10:13:36.168,AAPL,100.509663,10000
2024-01-15 10:13:37.291,AAPL,100.503425,10000
2024-01-15 10:13:38.414,AAPL,100.513976,10000
2024-01-15 10:13:39.537,AAPL,100.509715,10000
2024-01-15 10:13:40.660,AAPL,100.495712,10000
2024-01-15 10:13:41.783,AAPL,100.465212,10000
2024-01-15 10:13:42.906,AAPL,100.459739,10000
2024-01-15 10:13:43.029,AAPL,100.423480,10000
2024-01-15 10:13:44.152,AAPL,100.425595,10000
2024-01-15 10:13:45.275,AAPL,100.444789,10000
2024-01-15 10:13:46.398,AAPL,100.421381,10000
2024-01-15 10:13:47.521,AAPL,100.408406,10000
2024-01-15 10:13:48.644,AAPL,100.396835,10000
2024-01-15 10:13:49.767,AAPL,100.400951,10000
2024-01-15 10:13:50.890,AAPL,100.387557,10000
2024-01-15 10:13:51.013,AAPL,100.378772,10000
2024-01-15 10:13:52.136,AAPL,100.362686,10000
2024-01-15 10:13:53.259,AAPL,100.351314,10000
2024-01-15 10:13:54.382,AAPL,100.354232,10000
2024-01-15 10:13:55.505,AAPL,100.353721,10000
2024-01-15 10:13:56.628,AAPL,100.376289,10000
2024-01-15 10:13:57.751,AAPL,100.365175,10000
2024-01-15 10:13:58.874,AAPL,100.339479,10000
2024-01-15 10:13:59.997,AAPL,100.346435,10000
2024-01-15 10:14:00.120,AAPL,100.350389,10000
2024-01-15 10:14:01.243,AAPL,100.352136,10000
2024-01-15 10:14:02.366,AAPL,100.351547,10000
2024-01-15 10:14:03.489,AAPL,100.356199,10000
2024-01-15 10:14:04.612,AAPL,100.370749,10000
2024-01-15 10:14:05.735,AAPL,100.380580,10000
2024-01-15 10:14:06.858,AAPL,100.398093,10000
2024-01-15 10:14:07.981,AAPL,100.405147,10000
2024-01-15 10:14:08.104,AAPL,100.402215,10000
2024-01-15 10:14:09.227,AAPL,100.414521,10000
2024-01-15 10:14:10.350,AAPL,100.422096,10000
2024-01-15 10:14:11.473,AAPL,100.426689,10000
2024-01-15 10:14:12.596,AAPL,100.425384,10000
2024-01-15 10:14:13.719,AAPL,100.439357,10000
2024-01-15 10:14:14.842,AAPL,100.415608,10000
2024-01-15 10:14:15.965,AAPL,100.419104,10000
2024-01-15 10:14:16.088,AAPL,100.385896,10000
2024-01-15 10:14:17.211,AAPL,100.380450,10000
2024-01-15 10:14:18.334,AAPL,100.371617,10000
2024-01-15 10:14:19.457,AAPL,100.359846,10000
2024-01-15 10:14:20.580,AAPL,100.350021,10000
2024-01-15 10:14:21.703,AAPL,100.357524,10000
2024-01-15 10:14:22.826,AAPL,100.362195,10000
2024-01-15 10:14:23.949,AAPL,100.361715,10000
2024-01-15 10:14:24.072,AAPL,100.354218,10000
2024-01-15 10:14:25.195,AAPL,100.353339,10000
2024-01-15 10:14:26.318,AAPL,100.363982,10000
2024-01-15 10:14:27.441,AAPL,100.384272,10000
2024-01-15 10:14:28.564,AAPL,100.379084,10000
2024-01-15 10:14:29.687,AAPL,100.377372,10000
2024-01-15 10:14:30.810,AAPL,100.381383,10000
2024-01-15 10:14:31.933,AAPL,100.385527,10000
2024-01-15 10:14:32.056,AAPL,100.377927,10000
2024-01-15 10:14:33.179,AAPL,100.379291,10000
2024-01-15 10:14:34.302,AAPL,100.383289,10000
2024-01-15 10:14:35.425,AAPL,100.354872,10000
2024-01-15 10:14:36.548,AAPL,100.374640,10000
2024-01-15 10:14:37.671,AAPL,100.364129,10000
2024-01-15 10:14:38.794,AAPL,100.359512,10000
2024-01-15 10:14:39.917,AAPL,100.345090,10000
2024-01-15 10:14:40.040,AAPL,100.340394,10000
2024-01-15 10:14:41.163,AAPL,100.359668,10000
2024-01-15 10:14:42.286,AAPL,100.373588,10000
2024-01-15 10:14:43.409,AAPL,100.363180,10000
2024-01-15 10:14:44.532,AAPL,100.340081,10000
2024-01-15 10:14:45.655,AAPL,100.358047,10000
2024-01-15 10:14:46.778,AAPL,100.369338,10000
2024-01-15 10:14:47.901,AAPL,100.381708,10000
2024-01-15 10:14:48.024,AAPL,100.367512,10000
2024-01-15 10:14:49.147,AAPL,100.365336,10000
2024-01-15 10:14:50.270,AAPL,100.336913,10000
2024-01-15 10:14:51.393,AAPL,100.357263,10000
2024-01-15 10:14:52.516,AAPL,100.366895,10000
2024-01-15 10:14:53.639,AAPL,100.356227,10000
2024-01-15 10:14:54.762,AAPL,100.352371,10000
2024-01-15 10:14:55.885,AAPL,100.329217,10000
2024-01-15 10:14:56.008,AAPL,100.346380,10000
2024-01-15 10:14:57.131,AAPL,100.344327,10000
2024-01-15 10:14:58.254,AAPL,100.355038,10000
2024-01-15 10:14:59.377,AAPL,100.364738,10000
2024-01-15 10:15:00.500,AAPL,100.361335,10000
2024-01-15 10:15:01.623,AAPL,100.339031,10000
2024-01-15 10:15:02.746,AAPL,100.353609,10000
2024-01-15 10:15:03.869,AAPL,100.359455,10000
2024-01-15 10:15:04.992,AAPL,100.355223,10000
2024-01-15 10:15:05.115,AAPL,100.337409,10000
2024-01-15 10:15:06.238,AAPL,100.327923,10000
2024-01-15 10:15:07.361,AAPL,100.352806,10000
2024-01-15 10:15:08.484,AAPL,100.364550,10000
2024-01-15 10:15:09.607,AAPL,100.372318,10000
2024-01-15 10:15:10.730,AAPL,100.385991,5834
2024-01-15 10:15:11.853,AAPL,100.393899,10000
2024-01-15 10:15:12.976,AAPL,100.402280,10000
2024-01-15 10:15:13.099,AAPL,100.379202,10000
2024-01-15 10:15:14.222,AAPL,100.378718,10000
2024-01-15 10:15:15.345,AAPL,100.376214,10000
2024-01-15 10:15:16.468,AAPL,100.382568,10000
2024-01-15 10:15:17.591,AAPL,100.385713,10000
2024-01-15 10:15:18.714,AAPL,100.385776,10000
2024-01-15 10:15:19.837,AAPL,100.383090,10000
2024-01-15 10:15:20.960,AAPL,100.363733,10000
2024-01-15 10:15:21.083,AAPL,100.342053,10000
2024-01-15 10:15:22.206,AAPL,100.357401,10000
2024-01-15 10:15:23.329,AAPL,100.369004,10000
2024-01-15 10:15:24.452,AAPL,100.371614,10000
2024-01-15 10:15:25.575,AAPL,100.385455,10000
2024-01-15 10:15:26.698,AAPL,100.403190,10000
2024-01-15 10:15:27.821,AAPL,100.423105,10000
2024-01-15 10:15:28.944,AAPL,100.422862,10000
2024-01-15 10:15:29.067,AAPL,100.437842,10000
2024-01-15 10:15:30.190,AAPL,100.437919,10000
2024-01-15 10:15:31.313,AAPL,100.446514,10000
2024-01-15 10:15:32.436,AAPL,100.455082,10000
2024-01-15 10:15:33.559,AAPL,100.457736,10000
2024-01-15 10:15:34.682,AAPL,100.462398,10000
2024-01-15 10:15:35.805,AAPL,100.483526,10000
2024-01-15 10:15:36.928,AAPL,100.512910,10000
2024-01-15 10:15:37.051,AAPL,100.495554,10000
2024-01-15 10:15:38.174,AAPL,100.478894,10000
2024-01-15 10:15:39.297,AAPL,100.476541,10000
2024-01-15 10:15:40.420,AAPL,100.485970,10000
2024-01-15 10:15:41.543,AAPL,100.489165,10000
2024-01-15 10:15:42.666,AAPL,100.493104,10000
2024-01-15 10:15:43.789,AAPL,100.508664,10000
2024-01-15 10:15:44.912,AAPL,100.511936,10000
2024-01-15 10:15:45.035,AAPL,100.506426,10000
2024-01-15 10:15:46.158,AAPL,100.516131,10000
2024-01-15 10:15:47.281,AAPL,100.518846,10000
2024-01-15 10:15:48.404,AAPL,100.552529,10000
2024-01-15 10:15:49.527,AAPL,100.553078,10000
2024-01-15 10:15:50.650,AAPL,100.546460,10000
2024-01-15 10:15:51.773,AAPL,100.562404,10000
2024-01-15 10:15:52.896,AAPL,100.554036,10000
2024-01-15 10:15:53.019,AAPL,100.546106,10000
2024-01-15 10:15:54.142,AAPL,100.548172,10000
2024-01-15 10:15:55.265,AAPL,100.555825,10000
2024-01-15 10:15:56.388,AAPL,100.530379,10000
2024-01-15 10:15:57.511,AAPL,100.519600,10000
2024-01-15 10:15:58.634,AAPL,100.528226,10000
2024-01-15 10:15:59.757,AAPL,100.523957,10000
2024-01-15 10:16:00.880,AAPL,100.519997,10000
2024-01-15 10:16:01.003,AAPL,100.504310,10000
2024-01-15 10:16:02.126,AAPL,100.470973,10000
2024-01-15 10:16:03.249,AAPL,100.487158,10000
2024-01-15 10:16:04.372,AAPL,100.480798,10000
2024-01-15 10:16:05.495,AAPL,100.475394,10000
2024-01-15 10:16:06.618,AAPL,100.458319,10000
2024-01-15 10:16:07.741,AAPL,100.439736,10000
2024-01-15 10:16:08.864,AAPL,100.459444,10000
2024-01-15 10:16:09.987,AAPL,100.470622,10000
2024-01-15 10:16:10.110,AAPL,100.483864,10000
2024-01-15 10:16:11.233,AAPL,100.474595,3245
2024-01-15 10:16:12.356,AAPL,100.473268,10000
2024-01-15 10:16:13.479,AAPL,100.474798,10000
2024-01-15 10:16:14.602,AAPL,100.464957,10000
2024-01-15 10:16:15.725,AAPL,100.485262,10000
2024-01-15 10:16:16.848,AAPL,100.470917,10000
2024-01-15 10:16:17.971,AAPL,100.463824,10000
2024-01-15 10:16:18.094,AAPL,100.471563,10000
2024-01-15 10:16:19.217,AAPL,100.457389,10000
2024-01-15 10:16:20.340,AAPL,100.462089,10000
2024-01-15 10:16:21.463,AAPL,100.482014,10000
2024-01-15 10:16:22.586,AAPL,100.508123,10000
2024-01-15 10:16:23.709,AAPL,100.474705,10000
2024-01-15 10:16:24.832,AAPL,100.491659,10000
2024-01-15 10:16:25.955,AAPL,100.505991,10000
2024-01-15 10:16:26.078,AAPL,100.496678,10000
2024-01-15 10:16:27.201,AAPL,100.501585,10000
2024-01-15 10:16:28.324,AAPL,100.519256,10000
2024-01-15 10:16:29.447,AAPL,100.519820,10000
2024-01-15 10:16:30.570,AAPL,100.532998,10000
2024-01-15 10:16:31.693,AAPL,100.529531,10000
2024-01-15 10:16:32.816,AAPL,100.542176,10000
2024-01-15 10:16:33.939,AAPL,100.530631,10000
2024-01-15 10:16:34.062,AAPL,100.527743,10000
2024-01-15 10:16:35.185,AAPL,100.530800,10000
2024-01-15 10:16:36.308,AAPL,100.541693,10000
2024-01-15 10:16:37.431,AAPL,100.544499,10000
2024-01-15 10:16:38.554,AAPL,100.537110,10000
2024-01-15 10:16:39.677,AAPL,100.553493,10000
2024-01-15 10:16:40.800,AAPL,100.563208,10000
2024-01-15 10:16:41.923,AAPL,100.559201,10000
2024-01-15 10:16:42.046,AAPL,100.589013,10000
2024-01-15 10:16:43.169,AAPL,100.621626,10000
2024-01-15 10:16:44.292,AAPL,100.643486,10000
2024-01-15 10:16:45.415,AAPL,100.661242,10000
2024-01-15 10:16:46.538,AAPL,100.649709,10000
2024-01-15 10:16:47.661,AAPL,100.639611,10000
2024-01-15 10:16:48.784,AAPL,100.629302,10000
2024-01-15 10:16:49.907,AAPL,100.616149,10000
2024-01-15 10:16:50.030,AAPL,100.618538,10000
2024-01-15 10:16:51.153,AAPL,100.627764,10000
2024-01-15 10:16:52.276,AAPL,100.647749,10000
2024-01-15 10:16:53.399,AAPL,100.659126,10000
2024-01-15 10:16:54.522,AAPL,100.661346,10000
2024-01-15 10:16:55.645,AAPL,100.666081,10000
2024-01-15 10:16:56.768,AAPL,100.662368,10000
2024-01-15 10:16:57.891,AAPL,100.689004,10000
2024-01-15 10:16:58.014,AAPL,100.697608,10000
2024-01-15 10:16:59.137,AAPL,100.681572,10000
2024-01-15 10:17:00.260,AAPL,100.685711,10000
2024-01-15 10:17:01.383,AAPL,100.680013,10000
2024-01-15 10:17:02.506,AAPL,100.689139,10000
2024-01-15 10:17:03.629,AAPL,100.678906,10000
2024-01-15 10:17:04.752,AAPL,100.680044,10000
2024-01-15 10:17:05.875,AAPL,100.681771,10000
2024-01-15 10:17:06.998,AAPL,100.702255,10000
2024-01-15 10:17:07.121,AAPL,100.713856,10000
2024-01-15 10:17:08.244,AAPL,100.725236,10000
2024-01-15 10:17:09.367,AAPL,100.750424,10000
2024-01-15 10:17:10.490,AAPL,100.753255,10000
2024-01-15 10:17:11.613,AAPL,100.755916,10000
2024-01-15 10:17:12.736,AAPL,100.745136,10000
2024-01-15 10:17:13.859,AAPL,100.759915,10000
2024-01-15 10:17:14.982,AAPL,100.738295,10000
2024-01-15 10:17:15.105,AAPL,100.730193,10000
2024-01-15 10:17:16.228,AAPL,100.752621,10000
2024-01-15 10:17:17.351,AAPL,100.768541,10000
2024-01-15 10:17:18.474,AAPL,100.748883,10000
2024-01-15 10:17:19.597,AAPL,100.760389,10000
2024-01-15 10:17:20.720,AAPL,100.757158,10000
2024-01-15 10:17:21.843,AAPL,100.766079,10000
2024-01-15 10:17:22.966,AAPL,100.791744,10000
2024-01-15 10:17:23.089,AAPL,100.797944,10000
2024-01-15 10:17:24.212,AAPL,100.809563,10000
2024-01-15 10:17:25.335,AAPL,100.800808,10000
2024-01-15 10:17:26.458,AAPL,100.803836,10000
2024-01-15 10:17:27.581,AAPL,100.804088,10000
2024-01-15 10:17:28.704,AAPL,100.801225,10000
2024-01-15 10:17:29.827,AAPL,100.782928,10000
2024-01-15 10:17:30.950,AAPL,100.795332,10000
2024-01-15 10:17:31.073,AAPL,100.781930,10000
2024-01-15 10:17:32.196,AAPL,100.791486,10000
2024-01-15 10:17:33.319,AAPL,100.794969,10000
2024-01-15 10:17:34.442,AAPL,100.790401,10000
2024-01-15 10:17:35.565,AAPL,100.781848,10000
2024-01-15 10:17:36.688,AAPL,100.780345,10000
2024-01-15 10:17:37.811,AAPL,100.794931,10000
2024-01-15 10:17:38.934,AAPL,100.807504,10000
2024-01-15 10:17:39.057,AAPL,100.802447,10000
2024-01-15 10:17:40.180,AAPL,100.798208,10000
2024-01-15 10:17:41.303,AAPL,100.789927,10000
2024-01-15 10:17:42.426,AAPL,100.798050,10000
2024-01-15 10:17:43.549,AAPL,100.799966,10000
2024-01-15 10:17:44.672,AAPL,100.782805,10000
2024-01-15 10:17:45.795,AAPL,100.782060,10000
2024-01-15 10:17:46.918,AAPL,100.800141,10000
2024-01-15 10:17:47.041,AAPL,100.810365,10000
2024-01-15 10:17:48.164,AAPL,100.808639,10000
2024-01-15 10:17:49.287,AAPL,100.803221,10000
2024-01-15 10:17:50.410,AAPL,100.805705,10000
2024-01-15 10:17:51.533,AAPL,100.793681,10000
2024-01-15 10:17:52.656,AAPL,100.815570,10000
2024-01-15 10:17:53.779,AAPL,100.805798,10000
2024-01-15 10:17:54.902,AAPL,100.801757,10000
2024-01-15 10:17:55.025,AAPL,100.799375,10000
2024-01-15 10:17:56.148,AAPL,100.790934,10000
2024-01-15 10:17:57.271,AAPL,100.788180,10000
2024-01-15 10:17:58.394,AAPL,100.785240,10000
2024-01-15 10:17:59.517,AAPL,100.789489,10000
2024-01-15 10:18:00.640,AAPL,100.793681,10000
2024-01-15 10:18:01.763,AAPL,100.806711,10000
2024-01-15 10:18:02.886,AAPL,100.817130,10000
2024-01-15 10:18:03.009,AAPL,100.826063,10000
2024-01-15 10:18:04.132,AAPL,100.821366,10000
2024-01-15 10:18:05.255,AAPL,100.839402,10000
2024-01-15 10:18:06.378,AAPL,100.833867,10000
2024-01-15 10:18:07.501,AAPL,100.826293,10000
2024-01-15 10:18:08.624,AAPL,100.827954,10000
2024-01-15 10:18:09.747,AAPL,100.808117,10000
2024-01-15 10:18:10.870,AAPL,100.797600,10000
2024-01-15 10:18:11.993,AAPL,100.803082,10000
2024-01-15 10:18:12.116,AAPL,100.808619,10000
2024-01-15 10:18:13.239,AAPL,100.802183,10000
2024-01-15 10:18:14.362,AAPL,100.798351,10000
2024-01-15 10:18:15.485,AAPL,100.802078,10000
2024-01-15 10:18:16.608,AAPL,100.805597,10000
2024-01-15 10:18:17.731,AAPL,100.788600,10000
2024-01-15 10:18:18.854,AAPL,100.797801,10000
2024-01-15 10:18:19.977,AAPL,100.807692,10000
2024-01-15 10:18:20.100,AAPL,100.797691,10000
2024-01-15 10:18:21.223,AAPL,100.795820,10000
2024-01-15 10:18:22.346,AAPL,100.784981,10000
2024-01-15 10:18:23.469,AAPL,100.770573,10000
2024-01-15 10:18:24.592,AAPL,100.767789,10000
2024-01-15 10:18:25.715,AAPL,100.774887,10000
2024-01-15 10:18:26.838,AAPL,100.753675,10000
2024-01-15 10:18:27.961,AAPL,100.754675,10000
2024-01-15 10:18:28.084,AAPL,100.772405,10000
2024-01-15 10:18:29.207,AAPL,100.786002,10000
2024-01-15 10:18:30.330,AAPL,100.761525,10000
2024-01-15 10:18:31.453,AAPL,100.753136,10000
2024-01-15 10:18:32.576,AAPL,100.748437,10000
2024-01-15 10:18:33.699,AAPL,100.769462,10000
2024-01-15 10:18:34.822,AAPL,100.760131,10000
2024-01-15 10:18:35.945,AAPL,100.748231,10000
2024-01-15 10:18:36.068,AAPL,100.741142,10000
2024-01-15 10:18:37.191,AAPL,100.735370,10000
2024-01-15 10:18:38.314,AAPL,100.727053,10000
2024-01-15 10:18:39.437,AAPL,100.723303,10000
2024-01-15 10:18:40.560,AAPL,100.716762,10000
2024-01-15 10:18:41.683,AAPL,100.728536,10000
2024-01-15 10:18:42.806,AAPL,100.715419,10000
2024-01-15 10:18:43.929,AAPL,100.695438,10000
2024-01-15 10:18:44.052,AAPL,100.694268,10000
2024-01-15 10:18:45.175,AAPL,100.691379,10000
2024-01-15 10:18:46.298,AAPL,100.689600,10000
2024-01-15 10:18:47.421,AAPL,100.702081,8191
2024-01-15 10:18:48.544,AAPL,100.697182,10000
2024-01-15 10:18:49.667,AAPL,100.700529,10000
2024-01-15 10:18:50.790,AAPL,100.679299,10000
2024-01-15 10:18:51.913,AAPL,100.683322,10000
2024-01-15 10:18:52.036,AAPL,100.680026,10000
2024-01-15 10:18:53.159,AAPL,100.684475,10000
2024-01-15 10:18:54.282,AAPL,100.698755,10000
2024-01-15 10:18:55.405,AAPL,100.711953,10000
2024-01-15 10:18:56.528,AAPL,100.707140,10000
2024-01-15 10:18:57.651,AAPL,100.713087,10000
2024-01-15 10:18:58.774,AAPL,100.700329,10000
2024-01-15 10:18:59.897,AAPL,100.696243,10000
2024-01-15 10:19:00.020,AAPL,100.678283,10000
2024-01-15 10:19:01.143,AAPL,100.675938,10000
2024-01-15 10:19:02.266,AAPL,100.688432,10000
2024-01-15 10:19:03.389,AAPL,100.685845,10000
2024-01-15 10:19:04.512,AAPL,100.690316,10000
2024-01-15 10:19:05.635,AAPL,100.684337,10000
2024-01-15 10:19:06.758,AAPL,100.695750,10000
2024-01-15 10:19:07.881,AAPL,100.704362,10000
2024-01-15 10:19:08.004,AAPL,100.691821,10000
2024-01-15 10:19:09.127,AAPL,100.685765,10000
2024-01-15 10:19:10.250,AAPL,100.673985,10000
2024-01-15 10:19:11.373,AAPL,100.659790,10000
2024-01-15 10:19:12.496,AAPL,100.641512,9834
2024-01-15 10:19:13.619,AAPL,100.636405,10000
2024-01-15 10:19:14.742,AAPL,100.650157,10000
2024-01-15 10:19:15.865,AAPL,100.641060,10000
2024-01-15 10:19:16.988,AAPL,100.615188,6377
2024-01-15 10:19:17.111,AAPL,100.627794,10000
2024-01-15 10:19:18.234,AAPL,100.644903,10000
2024-01-15 10:19:19.357,AAPL,100.676873,10000
2024-01-15 10:19:20.480,AAPL,100.677668,10000
2024-01-15 10:19:21.603,AAPL,100.659230,10000
2024-01-15 10:19:22.726,AAPL,100.651768,10000
2024-01-15 10:19:23.849,AAPL,100.645602,10000
2024-01-15 10:19:24.972,AAPL,100.656884,10000
2024-01-15 10:19:25.095,AAPL,100.637911,10000
2024-01-15 10:19:26.218,AAPL,100.642774,10000
2024-01-15 10:19:27.341,AAPL,100.653848,10000
2024-01-15 10:19:28.464,AAPL,100.651794,10000
2024-01-15 10:19:29.587,AAPL,100.677294,10000
2024-01-15 10:19:30.710,AAPL,100.664691,10000
2024-01-15 10:19:31.833,AAPL,100.655886,10000
2024-01-15 10:19:32.956,AAPL,100.672659,10000
2024-01-15 10:19:33.079,AAPL,100.661656,10000
2024-01-15 10:19:34.202,AAPL,100.656551,10000
2024-01-15 10:19:35.325,AAPL,100.661635,10000
2024-01-15 10:19:36.448,AAPL,100.671439,10000
2024-01-15 10:19:37.571,AAPL,100.663233,10000
2024-01-15 10:19:38.694,AAPL,100.648843,10000
2024-01-15 10:19:39.817,AAPL,100.632210,10000
2024-01-15 10:19:40.940,AAPL,100.636690,10000
2024-01-15 10:19:41.063,AAPL,100.648038,10000
2024-01-15 10:19:42.186,AAPL,100.649489,10000
2024-01-15 10:19:43.309,AAPL,100.636935,10000
2024-01-15 10:19:44.432,AAPL,100.637859,10000
2024-01-15 10:19:45.555,AAPL,100.626870,10000
2024-01-15 10:19:46.678,AAPL,100.620741,10000
2024-01-15 10:19:47.801,AAPL,100.620018,10000
2024-01-15 10:19:48.924,AAPL,100.606407,10000
2024-01-15 10:19:49.047,AAPL,100.600313,10000
2024-01-15 10:19:50.170,AAPL,100.620015,10000
2024-01-15 10:19:51.293,AAPL,100.615190,10000
2024-01-15 10:19:52.416,AAPL,100.642868,10000
2024-01-15 10:19:53.539,AAPL,100.642987,10000
2024-01-15 10:19:54.662,AAPL,100.635991,10000
2024-01-15 10:19:55.785,AAPL,100.614020,10000
2024-01-15 10:19:56.908,AAPL,100.645982,10000
2024-01-15 10:19:57.031,AAPL,100.653293,10000
2024-01-15 10:19:58.154,AAPL,100.652822,10000
2024-01-15 10:19:59.277,AAPL,100.634331,10000
2024-01-15 10:20:00.400,AAPL,100.651557,10000
2024-01-15 10:20:01.523,AAPL,100.657614,10000
2024-01-15 10:20:02.646,AAPL,100.654042,10000
2024-01-15 10:20:03.769,AAPL,100.647194,10000
2024-01-15 10:20:04.892,AAPL,100.642668,10000
2024-01-15 10:20:05.015,AAPL,100.629427,10000
2024-01-15 10:20:06.138,AAPL,100.634757,10000
2024-01-15 10:20:07.261,AAPL,100.632637,10000
2024-01-15 10:20:08.384,AAPL,100.616061,10000
2024-01-15 10:20:09.507,AAPL,100.626078,10000
2024-01-15 10:20:10.630,AAPL,100.630582,10000
2024-01-15 10:20:11.753,AAPL,100.621937,10000
2024-01-15 10:20:12.876,AAPL,100.644219,10000
2024-01-15 10:20:13.999,AAPL,100.623242,10000
2024-01-15 10:20:14.122,AAPL,100.629534,10000
2024-01-15 10:20:15.245,AAPL,100.645260,10000
2024-01-15 10:20:16.368,AAPL,100.659823,10000
2024-01-15 10:20:17.491,AAPL,100.668896,10000
2024-01-15 10:20:18.614,AAPL,100.675603,10000
2024-01-15 10:20:19.737,AAPL,100.690964,10000
2024-01-15 10:20:20.860,AAPL,100.695197,10000
2024-01-15 10:20:21.983,AAPL,100.679828,10000
2024-01-15 10:20:22.106,AAPL,100.682028,10000
2024-01-15 10:20:23.229,AAPL,100.698040,10000
2024-01-15 10:20:24.352,AAPL,100.707281,10000
2024-01-15 10:20:25.475,AAPL,100.718883,10000
2024-01-15 10:20:26.598,AAPL,100.712335,10000
2024-01-15 10:20:27.721,AAPL,100.723840,10000
2024-01-15 10:20:28.844,AAPL,100.713183,10000
2024-01-15 10:20:29.967,AAPL,100.724271,10000
2024-01-15 10:20:30.090,AAPL,100.719328,10000
2024-01-15 10:20:31.213,AAPL,100.708765,10000
2024-01-15 10:20:32.336,AAPL,100.712583,10000
2024-01-15 10:20:33.459,AAPL,100.720911,10000
2024-01-15 10:20:34.582,AAPL,100.717735,10000
2024-01-15 10:20:35.705,AAPL,100.720398,10000
2024-01-15 10:20:36.828,AAPL,100.720248,10000
2024-01-15 10:20:37.951,AAPL,100.693757,10000
2024-01-15 10:20:38.074,AAPL,100.679765,10000
2024-01-15 10:20:39.197,AAPL,100.666470,10000
2024-01-15 10:20:40.320,AAPL,100.641408,10000
2024-01-15 10:20:41.443,AAPL,100.649092,10000
2024-01-15 10:20:42.566,AAPL,100.652074,10000
2024-01-15 10:20:43.689,AAPL,100.669607,10000
2024-01-15 10:20:44.812,AAPL,100.637919,10000
2024-01-15 10:20:45.935,AAPL,100.632178,10000
2024-01-15 10:20:46.058,AAPL,100.629759,10000
2024-01-15 10:20:47.181,AAPL,100.619291,10000
2024-01-15 10:20:48.304,AAPL,100.614100,10000
2024-01-15 10:20:49.427,AAPL,100.588284,10000
2024-01-15 10:20:50.550,AAPL,100.587824,10000
2024-01-15 10:20:51.673,AAPL,100.602911,10000
2024-01-15 10:20:52.796,AAPL,100.592850,10000
2024-01-15 10:20:53.919,AAPL,100.610582,10000
2024-01-15 10:20:54.042,AAPL,100.616780,10000
2024-01-15 10:20:55.165,AAPL,100.596028,10000
2024-01-15 10:20:56.288,AAPL,100.610453,10000
2024-01-15 10:20:57.411,AAPL,100.619392,10000
2024-01-15 10:20:58.534,AAPL,100.618882,10000
2024-01-15 10:20:59.657,AAPL,100.637890,10000
2024-01-15 10:21:00.780,AAPL,100.673216,10000
2024-01-15 10:21:01.903,AAPL,100.689526,10000
2024-01-15 10:21:02.026,AAPL,100.679601,10000
2024-01-15 10:21:03.149,AAPL,100.691731,10000
2024-01-15 10:21:04.272,AAPL,100.697540,10000
2024-01-15 10:21:05.395,AAPL,100.697225,10000
2024-01-15 10:21:06.518,AAPL,100.694860,10000
2024-01-15 10:21:07.641,AAPL,100.699866,10000
2024-01-15 10:21:08.764,AAPL,100.678687,10000
2024-01-15 10:21:09.887,AAPL,100.699396,10000
2024-01-15 10:21:10.010,AAPL,100.704809,10000
2024-01-15 10:21:11.133,AAPL,100.705317,10000
2024-01-15 10:21:12.256,AAPL,100.720624,10000
2024-01-15 10:21:13.379,AAPL,100.711416,10000
2024-01-15 10:21:14.502,AAPL,100.713726,10000
2024-01-15 10:21:15.625,AAPL,100.717944,10000
2024-01-15 10:21:16.748,AAPL,100.720400,10000
2024-01-15 10:21:17.871,AAPL,100.728654,10000
2024-01-15 10:21:18.994,AAPL,100.700912,10000
2024-01-15 10:21:19.117,AAPL,100.711684,10000
2024-01-15 10:21:20.240,AAPL,100.724109,10000
2024-01-15 10:21:21.363,AAPL,100.700053,10000
2024-01-15 10:21:22.486,AAPL,100.690547,10000
2024-01-15 10:21:23.609,AAPL,100.690531,10000
2024-01-15 10:21:24.732,AAPL,100.690131,286
2024-01-15 10:21:25.855,AAPL,100.694187,10000
2024-01-15 10:21:26.978,AAPL,100.723396,10000
2024-01-15 10:21:27.101,AAPL,100.712719,10000
2024-01-15 10:21:28.224,AAPL,100.705035,10000
2024-01-15 10:21:29.347,AAPL,100.725863,10000
2024-01-15 10:21:30.470,AAPL,100.715773,10000
2024-01-15 10:21:31.593,AAPL,100.708272,10000
2024-01-15 10:21:32.716,AAPL,100.717889,10000
2024-01-15 10:21:33.839,AAPL,100.712596,10000
2024-01-15 10:21:34.962,AAPL,100.707094,10000
2024-01-15 10:21:35.085,AAPL,100.708523,10000
2024-01-15 10:21:36.208,AAPL,100.703157,10000
2024-01-15 10:21:37.331,AAPL,100.701560,10000
2024-01-15 10:21:38.454,AAPL,100.688027,10000
2024-01-15 10:21:39.577,AAPL,100.676764,10000
2024-01-15 10:21:40.700,AAPL,100.680554,10000
2024-01-15 10:21:41.823,AAPL,100.666192,10000
2024-01-15 10:21:42.946,AAPL,100.668396,10000
2024-01-15 10:21:43.069,AAPL,100.682375,10000
2024-01-15 10:21:44.192,AAPL,100.685805,10000
2024-01-15 10:21:45.315,AAPL,100.659594,10000
2024-01-15 10:21:46.438,AAPL,100.646321,10000
2024-01-15 10:21:47.561,AAPL,100.638115,10000
2024-01-15 10:21:48.684,AAPL,100.624813,10000
2024-01-15 10:21:49.807,AAPL,100.606502,10000
2024-01-15 10:21:50.930,AAPL,100.585211,10000
2024-01-15 10:21:51.053,AAPL,100.572283,10000
2024-01-15 10:21:52.176,AAPL,100.559368,10000
2024-01-15 10:21:53.299,AAPL,100.526605,10000
2024-01-15 10:21:54.422,AAPL,100.543448,10000
2024-01-15 10:21:55.545,AAPL,100.550396,10000
2024-01-15 10:21:56.668,AAPL,100.561837,10000
2024-01-15 10:21:57.791,AAPL,100.536447,10000
2024-01-15 10:21:58.914,AAPL,100.518631,10000
2024-01-15 10:21:59.037,AAPL,100.516299,10000
2024-01-15 10:22:00.160,AAPL,100.522491,10000
2024-01-15 10:22:01.283,AAPL,100.516895,10000
2024-01-15 10:22:02.406,AAPL,100.494097,10000
2024-01-15 10:22:03.529,AAPL,100.494440,10000
2024-01-15 10:22:04.652,AAPL,100.504080,10000
2024-01-15 10:22:05.775,AAPL,100.503330,10000
2024-01-15 10:22:06.898,AAPL,100.498234,10000
2024-01-15 10:22:07.021,AAPL,100.505623,10000
2024-01-15 10:22:08.144,AAPL,100.501223,10000
2024-01-15 10:22:09.267,AAPL,100.501027,10000
2024-01-15 10:22:10.390,AAPL,100.508431,10000
2024-01-15 10:22:11.513,AAPL,100.514990,10000
2024-01-15 10:22:12.636,AAPL,100.524737,10000
2024-01-15 10:22:13.759,AAPL,100.496134,10000
2024-01-15 10:22:14.882,AAPL,100.487787,10000
2024-01-15 10:22:15.005,AAPL,100.493451,10000
2024-01-15 10:22:16.128,AAPL,100.489068,10000
2024-01-15 10:22:17.251,AAPL,100.502605,10000
2024-01-15 10:22:18.374,AAPL,100.494436,10000
2024-01-15 10:22:19.497,AAPL,100.483545,7461
2024-01-15 10:22:20.620,AAPL,100.477901,10000
2024-01-15 10:22:21.743,AAPL,100.478535,10000
2024-01-15 10:22:22.866,AAPL,100.468050,10000
2024-01-15 10:22:23.989,AAPL,100.459544,10000
2024-01-15 10:22:24.112,AAPL,100.466431,10000
2024-01-15 10:22:25.235,AAPL,100.474423,10000
2024-01-15 10:22:26.358,AAPL,100.467009,10000
2024-01-15 10:22:27.481,AAPL,100.441249,10000
2024-01-15 10:22:28.604,AAPL,100.440211,10000
2024-01-15 10:22:29.727,AAPL,100.449577,10000
2024-01-15 10:22:30.850,AAPL,100.464239,10000
2024-01-15 10:22:31.973,AAPL,100.474550,10000
2024-01-15 10:22:32.096,AAPL,100.486659,10000
2024-01-15 10:22:33.219,AAPL,100.501186,10000
2024-01-15 10:22:34.342,AAPL,100.494598,10000
2024-01-15 10:22:35.465,AAPL,100.491148,10000
2024-01-15 10:22:36.588,AAPL,100.485650,10000
2024-01-15 10:22:37.711,AAPL,100.483562,10000
2024-01-15 10:22:38.834,AAPL,100.507612,10000
2024-01-15 10:22:39.957,AAPL,100.520132,10000
2024-01-15 10:22:40.080,AAPL,100.520880,10000
2024-01-15 10:22:41.203,AAPL,100.527833,10000
2024-01-15 10:22:42.326,AAPL,100.534502,10000
2024-01-15 10:22:43.449,AAPL,100.517923,10000
2024-01-15 10:22:44.572,AAPL,100.509178,10000
2024-01-15 10:22:45.695,AAPL,100.523837,10000
2024-01-15 10:22:46.818,AAPL,100.529420,10000
2024-01-15 10:22:47.941,AAPL,100.542435,10000
2024-01-15 10:22:48.064,AAPL,100.540085,10000
2024-01-15 10:22:49.187,AAPL,100.570416,10000
2024-01-15 10:22:50.310,AAPL,100.581274,10000
2024-01-15 10:22:51.433,AAPL,100.573322,10000
2024-01-15 10:22:52.556,AAPL,100.573829,10000
2024-01-15 10:22:53.679,AAPL,100.563833,10000
2024-01-15 10:22:54.802,AAPL,100.574146,10000
2024-01-15 10:22:55.925,AAPL,100.578171,10000
2024-01-15 10:22:56.048,AAPL,100.604084,10000
2024-01-15 10:22:57.171,AAPL,100.619063,10000
2024-01-15 10:22:58.294,AAPL,100.643841,10000
2024-01-15 10:22:59.417,AAPL,100.621079,10000
2024-01-15 10:23:00.540,AAPL,100.607882,10000
2024-01-15 10:23:01.663,AAPL,100.590016,10000
2024-01-15 10:23:02.786,AAPL,100.591757,10000
2024-01-15 10:23:03.909,AAPL,100.600334,10000
2024-01-15 10:23:04.032,AAPL,100.607868,10000
2024-01-15 10:23:05.155,AAPL,100.593313,10000
2024-01-15 10:23:06.278,AAPL,100.571354,10000
2024-01-15 10:23:07.401,AAPL,100.568941,10000
2024-01-15 10:23:08.524,AAPL,100.558162,10000
2024-01-15 10:23:09.647,AAPL,100.573732,10000
2024-01-15 10:23:10.770,AAPL,100.574247,10000
2024-01-15 10:23:11.893,AAPL,100.559809,10000
2024-01-15 10:23:12.016,AAPL,100.567274,10000
2024-01-15 10:23:13.139,AAPL,100.555068,10000
2024-01-15 10:23:14.262,AAPL,100.559273,10000
2024-01-15 10:23:15.385,AAPL,100.556620,10000
2024-01-15 10:23:16.508,AAPL,100.558105,10000
2024-01-15 10:23:17.631,AAPL,100.549276,10000
2024-01-15 10:23:18.754,AAPL,100.544958,10000
2024-01-15 10:23:19.877,AAPL,100.533266,10000
